2025-12-08 15:22:18 - root - INFO - ================================================================================
2025-12-08 15:22:18 - root - INFO - Scanner logging initialized - Level: DEBUG, Console: True, File: True
2025-12-08 15:22:18 - root - INFO - ================================================================================
2025-12-08 15:22:19 - usb_hid_scanner - INFO - USBHIDScanner initialized with VID=0x11fa, PID=0x8202, timeout=5s
2025-12-08 15:22:19 - usb_hid_scanner - DEBUG - Connection status check: False
2025-12-08 15:22:19 - scanner_config - INFO - Configuration loaded from scanner_config.json
2025-12-08 15:22:19 - scanner_config - DEBUG - VID/PID validation passed: 0x11fa/0x8202
2025-12-08 15:22:19 - scanner_config - INFO - Configuration loaded from scanner_config.json
2025-12-08 15:22:19 - scanner_config - DEBUG - VID/PID validation passed: 0x11fa/0x8202
2025-12-08 15:22:19 - scanner_config - DEBUG - Current scanner mode: usb_vendor
2025-12-08 15:22:19 - scanner_config - INFO - Configuration loaded from scanner_config.json
2025-12-08 15:22:19 - scanner_config - DEBUG - VID/PID validation passed: 0x11fa/0x8202
2025-12-08 15:22:19 - scanner_config - DEBUG - Retrieved USB config: VID=0x11fa, PID=0x8202
2025-12-08 15:22:19 - scanner_config - DEBUG - VID/PID validation passed: 0x11fa/0x8202
2025-12-08 15:22:19 - scanner_config - WARNING - Invalid VID -1 (type: int), using default 4602 (0x11fa)
2025-12-08 15:22:19 - scanner_config - WARNING - Invalid PID 99999 (type: int), using default 33282 (0x8202)
2025-12-08 16:42:44 - root - INFO - ================================================================================
2025-12-08 16:42:44 - root - INFO - Scanner logging initialized - Level: INFO, Console: True, File: True
2025-12-08 16:42:44 - root - INFO - ================================================================================
2025-12-08 16:42:44 - sqlalchemy.engine.Engine - INFO - SELECT etypes.id_et AS etypes_id_et, etypes.name AS etypes_name, etypes.status AS etypes_status 
FROM etypes 
WHERE etypes.status = 1 ORDER BY etypes.name
2025-12-08 16:42:44 - sqlalchemy.engine.Engine - INFO - [cached since 0.3516s ago] ()
2025-12-08 16:42:50 - root - INFO - ================================================================================
2025-12-08 16:42:50 - root - INFO - Scanner logging initialized - Level: INFO, Console: True, File: True
2025-12-08 16:42:50 - root - INFO - ================================================================================
2025-12-08 16:42:50 - sqlalchemy.engine.Engine - INFO - SELECT etypes.id_et AS etypes_id_et, etypes.name AS etypes_name, etypes.status AS etypes_status 
FROM etypes 
WHERE etypes.status = 1 ORDER BY etypes.name
2025-12-08 16:42:50 - sqlalchemy.engine.Engine - INFO - [cached since 0.09795s ago] ()
2025-12-08 16:43:09 - scanner_config - INFO - Configuration loaded from scanner_config.json
2025-12-08 16:43:09 - NfcScan - INFO - get_nfc_input called with mode: usb_vendor
2025-12-08 16:43:09 - scanner_config - INFO - Configuration loaded from scanner_config.json
2025-12-08 16:43:09 - NfcScan - INFO - Starting USB HID input dialog - VID=0x11fa, PID=0x8202, timeout=30s
2025-12-08 16:43:09 - usb_hid_scanner - INFO - USBHIDScanner initialized with VID=0x11fa, PID=0x8202, timeout=30s
2025-12-08 16:43:10 - usb_hid_scanner - INFO - Attempting to connect to device VID=0x11fa, PID=0x8202
2025-12-08 16:43:10 - usb_hid_scanner - INFO - Successfully connected to device VID=0x11fa, PID=0x8202
2025-12-08 16:43:10 - usb_hid_scanner - INFO - Device info - Manufacturer: Code, Product: CR1500
2025-12-08 16:43:10 - NfcScan - INFO - USB HID scanner connected successfully
2025-12-08 16:43:15 - usb_hid_scanner - INFO - Successfully parsed scan: '6_mlsl132_42yan//n'
2025-12-08 16:43:15 - NfcScan - INFO - Successfully scanned data: '6_mlsl132_42yan//n'
2025-12-08 16:43:16 - usb_hid_scanner - INFO - Disconnecting from device VID=0x11fa, PID=0x8202
2025-12-08 16:43:16 - usb_hid_scanner - INFO - Device disconnected successfully
2025-12-08 16:43:16 - sqlalchemy.engine.Engine - INFO - BEGIN (implicit)
2025-12-08 16:43:16 - sqlalchemy.engine.Engine - INFO - SELECT equipment.id_eq AS equipment_id_eq, equipment.name AS equipment_name, equipment.serialnum AS equipment_serialnum, equipment.etype_id AS equipment_etype_id, equipment.status AS equipment_status, equipment.nfc AS equipment_nfc 
FROM equipment 
WHERE equipment.nfc = ? AND equipment.status = 1
 LIMIT ? OFFSET ?
2025-12-08 16:43:16 - sqlalchemy.engine.Engine - INFO - [generated in 0.00071s] ('6_mlsl132_42yan//n', 1, 0)
2025-12-08 16:46:27 - scanner_config - INFO - Configuration loaded from scanner_config.json
2025-12-08 16:46:27 - NfcScan - INFO - get_nfc_input called with mode: usb_vendor
2025-12-08 16:46:27 - scanner_config - INFO - Configuration loaded from scanner_config.json
2025-12-08 16:46:27 - NfcScan - INFO - Starting USB HID input dialog - VID=0x11fa, PID=0x8202, timeout=30s
2025-12-08 16:46:27 - usb_hid_scanner - INFO - USBHIDScanner initialized with VID=0x11fa, PID=0x8202, timeout=30s
2025-12-08 16:46:27 - usb_hid_scanner - INFO - Attempting to connect to device VID=0x11fa, PID=0x8202
2025-12-08 16:46:27 - usb_hid_scanner - INFO - Successfully connected to device VID=0x11fa, PID=0x8202
2025-12-08 16:46:27 - usb_hid_scanner - INFO - Device info - Manufacturer: Code, Product: CR1500
2025-12-08 16:46:27 - NfcScan - INFO - USB HID scanner connected successfully
2025-12-08 16:46:29 - usb_hid_scanner - INFO - Successfully parsed scan: '6_mlsl132_42'
2025-12-08 16:46:29 - NfcScan - INFO - Successfully scanned data: '6_mlsl132_42'
2025-12-08 16:46:29 - usb_hid_scanner - INFO - Disconnecting from device VID=0x11fa, PID=0x8202
2025-12-08 16:46:29 - usb_hid_scanner - INFO - Device disconnected successfully
2025-12-08 16:46:29 - sqlalchemy.engine.Engine - INFO - SELECT equipment.id_eq AS equipment_id_eq, equipment.name AS equipment_name, equipment.serialnum AS equipment_serialnum, equipment.etype_id AS equipment_etype_id, equipment.status AS equipment_status, equipment.nfc AS equipment_nfc 
FROM equipment 
WHERE equipment.nfc = ? AND equipment.status = 1
 LIMIT ? OFFSET ?
2025-12-08 16:46:29 - sqlalchemy.engine.Engine - INFO - [cached since 193.5s ago] ('6_mlsl132_42', 1, 0)
2025-12-08 16:46:29 - sqlalchemy.engine.Engine - INFO - SELECT rentals.id_re AS rentals_id_re, rentals.user_id AS rentals_user_id, rentals.equipment_id AS rentals_equipment_id, rentals.rental_start AS rentals_rental_start, rentals.rental_end AS rentals_rental_end, rentals.comment AS rentals_comment 
FROM rentals 
WHERE rentals.equipment_id = ? AND rentals.rental_end IS NULL
 LIMIT ? OFFSET ?
2025-12-08 16:46:29 - sqlalchemy.engine.Engine - INFO - [generated in 0.00076s] (6, 1, 0)
2025-12-08 16:46:29 - sqlalchemy.engine.Engine - INFO - SELECT users.id_us AS users_id_us, users.name AS users_name, users.id_dep AS users_id_dep, users.status AS users_status, users.nfc AS users_nfc, departments_1.id_dep AS departments_1_id_dep, departments_1.name AS departments_1_name, departments_1.status AS departments_1_status 
FROM users LEFT OUTER JOIN departments AS departments_1 ON departments_1.id_dep = users.id_dep 
WHERE users.status = 1 ORDER BY users.name
2025-12-08 16:46:29 - sqlalchemy.engine.Engine - INFO - [cached since 224.9s ago] ()
2025-12-08 16:46:41 - sqlalchemy.engine.Engine - INFO - SELECT etypes.id_et AS etypes_id_et, etypes.name AS etypes_name, etypes.status AS etypes_status 
FROM etypes 
WHERE etypes.id_et = ?
2025-12-08 16:46:41 - sqlalchemy.engine.Engine - INFO - [generated in 0.00085s] (1,)
2025-12-08 16:46:43 - sqlalchemy.engine.Engine - INFO - INSERT INTO rentals (user_id, equipment_id, rental_start, rental_end, comment) VALUES (?, ?, ?, ?, ?)
2025-12-08 16:46:43 - sqlalchemy.engine.Engine - INFO - [generated in 0.00057s] (15, 6, '2025-12-08 16:46:43.037322', None, '')
2025-12-08 16:46:43 - sqlalchemy.engine.Engine - INFO - COMMIT
2025-12-08 16:46:43 - sqlalchemy.engine.Engine - INFO - BEGIN (implicit)
2025-12-08 16:46:43 - sqlalchemy.engine.Engine - INFO - SELECT rentals.id_re, rentals.user_id, rentals.equipment_id, rentals.rental_start, rentals.rental_end, rentals.comment 
FROM rentals 
WHERE rentals.id_re = ?
2025-12-08 16:46:43 - sqlalchemy.engine.Engine - INFO - [generated in 0.00061s] (34,)
2025-12-08 16:46:43 - sqlalchemy.engine.Engine - INFO - SELECT equipment.id_eq AS equipment_id_eq, equipment.name AS equipment_name, equipment.serialnum AS equipment_serialnum, equipment.etype_id AS equipment_etype_id, equipment.status AS equipment_status, equipment.nfc AS equipment_nfc, etypes_1.id_et AS etypes_1_id_et, etypes_1.name AS etypes_1_name, etypes_1.status AS etypes_1_status 
FROM equipment LEFT OUTER JOIN etypes AS etypes_1 ON etypes_1.id_et = equipment.etype_id 
WHERE equipment.status = 1 AND (equipment.id_eq NOT IN (SELECT rentals.equipment_id 
FROM rentals 
WHERE rentals.rental_end IS NULL))
2025-12-08 16:46:43 - sqlalchemy.engine.Engine - INFO - [cached since 238.4s ago] ()
2025-12-08 16:46:43 - sqlalchemy.engine.Engine - INFO - SELECT rentals.id_re AS rentals_id_re, rentals.user_id AS rentals_user_id, rentals.equipment_id AS rentals_equipment_id, rentals.rental_start AS rentals_rental_start, rentals.rental_end AS rentals_rental_end, rentals.comment AS rentals_comment, departments_1.id_dep AS departments_1_id_dep, departments_1.name AS departments_1_name, departments_1.status AS departments_1_status, users_1.id_us AS users_1_id_us, users_1.name AS users_1_name, users_1.id_dep AS users_1_id_dep, users_1.status AS users_1_status, users_1.nfc AS users_1_nfc, etypes_1.id_et AS etypes_1_id_et, etypes_1.name AS etypes_1_name, etypes_1.status AS etypes_1_status, equipment_1.id_eq AS equipment_1_id_eq, equipment_1.name AS equipment_1_name, equipment_1.serialnum AS equipment_1_serialnum, equipment_1.etype_id AS equipment_1_etype_id, equipment_1.status AS equipment_1_status, equipment_1.nfc AS equipment_1_nfc 
FROM rentals JOIN equipment ON equipment.id_eq = rentals.equipment_id LEFT OUTER JOIN users AS users_1 ON users_1.id_us = rentals.user_id LEFT OUTER JOIN departments AS departments_1 ON departments_1.id_dep = users_1.id_dep LEFT OUTER JOIN equipment AS equipment_1 ON equipment_1.id_eq = rentals.equipment_id LEFT OUTER JOIN etypes AS etypes_1 ON etypes_1.id_et = equipment_1.etype_id 
WHERE equipment.status = 1 AND rentals.rental_end IS NULL
2025-12-08 16:46:43 - sqlalchemy.engine.Engine - INFO - [cached since 238.4s ago] ()
2025-12-08 16:46:43 - sqlalchemy.engine.Engine - INFO - SELECT users.id_us AS users_id_us, users.name AS users_name, users.id_dep AS users_id_dep, users.status AS users_status, users.nfc AS users_nfc, departments_1.id_dep AS departments_1_id_dep, departments_1.name AS departments_1_name, departments_1.status AS departments_1_status 
FROM users LEFT OUTER JOIN departments AS departments_1 ON departments_1.id_dep = users.id_dep 
WHERE users.status = 1 ORDER BY users.name
2025-12-08 16:46:43 - sqlalchemy.engine.Engine - INFO - [cached since 238.4s ago] ()
2025-12-08 16:46:43 - sqlalchemy.engine.Engine - INFO - SELECT etypes.id_et AS etypes_id_et, etypes.name AS etypes_name, etypes.status AS etypes_status 
FROM etypes 
WHERE etypes.status = 1 ORDER BY etypes.name
2025-12-08 16:46:43 - sqlalchemy.engine.Engine - INFO - [cached since 238.7s ago] ()
2025-12-08 16:46:44 - scanner_config - INFO - Configuration loaded from scanner_config.json
2025-12-08 16:46:44 - NfcScan - INFO - get_nfc_input called with mode: usb_vendor
2025-12-08 16:46:44 - scanner_config - INFO - Configuration loaded from scanner_config.json
2025-12-08 16:46:44 - NfcScan - INFO - Starting USB HID input dialog - VID=0x11fa, PID=0x8202, timeout=30s
2025-12-08 16:46:44 - usb_hid_scanner - INFO - USBHIDScanner initialized with VID=0x11fa, PID=0x8202, timeout=30s
2025-12-08 16:46:44 - usb_hid_scanner - INFO - Attempting to connect to device VID=0x11fa, PID=0x8202
2025-12-08 16:46:44 - usb_hid_scanner - INFO - Successfully connected to device VID=0x11fa, PID=0x8202
2025-12-08 16:46:44 - usb_hid_scanner - INFO - Device info - Manufacturer: Code, Product: CR1500
2025-12-08 16:46:44 - NfcScan - INFO - USB HID scanner connected successfully
2025-12-08 16:46:47 - NfcScan - INFO - USB HID scan cancelled by user
2025-12-08 16:46:49 - usb_hid_scanner - ERROR - IO error during read: read error
2025-12-08 16:46:49 - NfcScan - ERROR - Scanner disconnected during read operation
2025-12-08 16:46:49 - NfcScan - ERROR - Error during USB HID scan: invalid state
2025-12-08 16:46:49 - usb_hid_scanner - INFO - Disconnecting from device VID=0x11fa, PID=0x8202
2025-12-08 16:46:49 - usb_hid_scanner - INFO - Device disconnected successfully
2025-12-08 16:46:49 - asyncio - ERROR - Task exception was never retrieved
future: <Task finished name='Task-368' coro=<get_usb_hid_input.<locals>.scan_task() done, defined at c:\Users\RomanD\Desktop\Apps\Rental System\BNRS\NfcScan.py:286> exception=InvalidStateError('invalid state')>
Traceback (most recent call last):
  File "c:\Users\RomanD\Desktop\Apps\Rental System\BNRS\NfcScan.py", line 393, in scan_task
    closed.set_result(None)
    ~~~~~~~~~~~~~~~~~^^^^^^
asyncio.exceptions.InvalidStateError: invalid state

During handling of the above exception, another exception occurred:

Traceback (most recent call last):
  File "c:\Users\RomanD\Desktop\Apps\Rental System\BNRS\NfcScan.py", line 442, in scan_task
    closed.set_result(None)
    ~~~~~~~~~~~~~~~~~^^^^^^
asyncio.exceptions.InvalidStateError: invalid state
2025-12-08 16:46:52 - scanner_config - INFO - Configuration loaded from scanner_config.json
2025-12-08 16:46:52 - NfcScan - INFO - get_nfc_input called with mode: usb_vendor
2025-12-08 16:46:52 - scanner_config - INFO - Configuration loaded from scanner_config.json
2025-12-08 16:46:52 - NfcScan - INFO - Starting USB HID input dialog - VID=0x11fa, PID=0x8202, timeout=30s
2025-12-08 16:46:52 - usb_hid_scanner - INFO - USBHIDScanner initialized with VID=0x11fa, PID=0x8202, timeout=30s
2025-12-08 16:46:52 - usb_hid_scanner - INFO - Attempting to connect to device VID=0x11fa, PID=0x8202
2025-12-08 16:46:52 - usb_hid_scanner - ERROR - Failed to connect to device VID=0x11fa, PID=0x8202: open failed
2025-12-08 16:46:52 - NfcScan - ERROR - Failed to connect to USB HID scanner
2025-12-08 16:46:52 - scanner_error_dialogs - INFO - Showing connection error dialog for VID=0x11fa, PID=0x8202
2025-12-08 16:46:52 - NfcScan - ERROR - Error during USB HID scan: The current slot cannot be determined because the slot stack for this task is empty.
This may happen if you try to create UI from a background task.
To fix this, enter the target slot explicitly using `with container_element:`.
2025-12-08 16:46:52 - asyncio - ERROR - Task exception was never retrieved
future: <Task finished name='Task-386' coro=<get_usb_hid_input.<locals>.scan_task() done, defined at c:\Users\RomanD\Desktop\Apps\Rental System\BNRS\NfcScan.py:286> exception=InvalidStateError('invalid state')>
Traceback (most recent call last):
  File "c:\Users\RomanD\Desktop\Apps\Rental System\BNRS\NfcScan.py", line 340, in scan_task
    choice = await ScannerErrorDialogs.show_connection_error(
             ^^^^^^^^^^^^^^^^^^^^^^^^^^^^^^^^^^^^^^^^^^^^^^^^
    ...<3 lines>...
    )
    ^
  File "c:\Users\RomanD\Desktop\Apps\Rental System\BNRS\scanner_error_dialogs.py", line 53, in show_connection_error
    dialog = ui.dialog()
  File "C:\Users\RomanD\Desktop\Apps\Rental System\BNRS\bnrs\Lib\site-packages\nicegui\elements\dialog.py", line 22, in __init__
    super().__init__(tag='q-dialog', value=value, on_value_change=None)
    ~~~~~~~~~~~~~~~~^^^^^^^^^^^^^^^^^^^^^^^^^^^^^^^^^^^^^^^^^^^^^^^^^^^
  File "C:\Users\RomanD\Desktop\Apps\Rental System\BNRS\bnrs\Lib\site-packages\nicegui\elements\mixins\value_element.py", line 31, in __init__
    super().__init__(**kwargs)
    ~~~~~~~~~~~~~~~~^^^^^^^^^^
  File "C:\Users\RomanD\Desktop\Apps\Rental System\BNRS\bnrs\Lib\site-packages\nicegui\element.py", line 52, in __init__
    self.client = _client or context.client
                             ^^^^^^^^^^^^^^
  File "C:\Users\RomanD\Desktop\Apps\Rental System\BNRS\bnrs\Lib\site-packages\nicegui\context.py", line 31, in client
    return self.slot.parent.client
           ^^^^^^^^^
  File "C:\Users\RomanD\Desktop\Apps\Rental System\BNRS\bnrs\Lib\site-packages\nicegui\context.py", line 23, in slot
    raise RuntimeError('The current slot cannot be determined because the slot stack for this task is empty.\n'
                       'This may happen if you try to create UI from a background task.\n'
                       'To fix this, enter the target slot explicitly using `with container_element:`.')
RuntimeError: The current slot cannot be determined because the slot stack for this task is empty.
This may happen if you try to create UI from a background task.
To fix this, enter the target slot explicitly using `with container_element:`.

During handling of the above exception, another exception occurred:

Traceback (most recent call last):
  File "c:\Users\RomanD\Desktop\Apps\Rental System\BNRS\NfcScan.py", line 442, in scan_task
    closed.set_result(None)
    ~~~~~~~~~~~~~~~~~^^^^^^
asyncio.exceptions.InvalidStateError: invalid state
2025-12-08 16:46:59 - scanner_config - INFO - Configuration loaded from scanner_config.json
2025-12-08 16:46:59 - NfcScan - INFO - get_nfc_input called with mode: usb_vendor
2025-12-08 16:46:59 - scanner_config - INFO - Configuration loaded from scanner_config.json
2025-12-08 16:46:59 - NfcScan - INFO - Starting USB HID input dialog - VID=0x11fa, PID=0x8202, timeout=30s
2025-12-08 16:46:59 - usb_hid_scanner - INFO - USBHIDScanner initialized with VID=0x11fa, PID=0x8202, timeout=30s
2025-12-08 16:46:59 - usb_hid_scanner - INFO - Attempting to connect to device VID=0x11fa, PID=0x8202
2025-12-08 16:46:59 - usb_hid_scanner - ERROR - Failed to connect to device VID=0x11fa, PID=0x8202: open failed
2025-12-08 16:47:00 - NfcScan - ERROR - Failed to connect to USB HID scanner
2025-12-08 16:47:00 - scanner_error_dialogs - INFO - Showing connection error dialog for VID=0x11fa, PID=0x8202
2025-12-08 16:47:00 - NfcScan - ERROR - Error during USB HID scan: The current slot cannot be determined because the slot stack for this task is empty.
This may happen if you try to create UI from a background task.
To fix this, enter the target slot explicitly using `with container_element:`.
2025-12-08 16:47:00 - asyncio - ERROR - Task exception was never retrieved
future: <Task finished name='Task-398' coro=<get_usb_hid_input.<locals>.scan_task() done, defined at c:\Users\RomanD\Desktop\Apps\Rental System\BNRS\NfcScan.py:286> exception=InvalidStateError('invalid state')>
Traceback (most recent call last):
  File "c:\Users\RomanD\Desktop\Apps\Rental System\BNRS\NfcScan.py", line 340, in scan_task
    choice = await ScannerErrorDialogs.show_connection_error(
             ^^^^^^^^^^^^^^^^^^^^^^^^^^^^^^^^^^^^^^^^^^^^^^^^
    ...<3 lines>...
    )
    ^
  File "c:\Users\RomanD\Desktop\Apps\Rental System\BNRS\scanner_error_dialogs.py", line 53, in show_connection_error
    dialog = ui.dialog()
  File "C:\Users\RomanD\Desktop\Apps\Rental System\BNRS\bnrs\Lib\site-packages\nicegui\elements\dialog.py", line 22, in __init__
    super().__init__(tag='q-dialog', value=value, on_value_change=None)
    ~~~~~~~~~~~~~~~~^^^^^^^^^^^^^^^^^^^^^^^^^^^^^^^^^^^^^^^^^^^^^^^^^^^
  File "C:\Users\RomanD\Desktop\Apps\Rental System\BNRS\bnrs\Lib\site-packages\nicegui\elements\mixins\value_element.py", line 31, in __init__
    super().__init__(**kwargs)
    ~~~~~~~~~~~~~~~~^^^^^^^^^^
  File "C:\Users\RomanD\Desktop\Apps\Rental System\BNRS\bnrs\Lib\site-packages\nicegui\element.py", line 52, in __init__
    self.client = _client or context.client
                             ^^^^^^^^^^^^^^
  File "C:\Users\RomanD\Desktop\Apps\Rental System\BNRS\bnrs\Lib\site-packages\nicegui\context.py", line 31, in client
    return self.slot.parent.client
           ^^^^^^^^^
  File "C:\Users\RomanD\Desktop\Apps\Rental System\BNRS\bnrs\Lib\site-packages\nicegui\context.py", line 23, in slot
    raise RuntimeError('The current slot cannot be determined because the slot stack for this task is empty.\n'
                       'This may happen if you try to create UI from a background task.\n'
                       'To fix this, enter the target slot explicitly using `with container_element:`.')
RuntimeError: The current slot cannot be determined because the slot stack for this task is empty.
This may happen if you try to create UI from a background task.
To fix this, enter the target slot explicitly using `with container_element:`.

During handling of the above exception, another exception occurred:

Traceback (most recent call last):
  File "c:\Users\RomanD\Desktop\Apps\Rental System\BNRS\NfcScan.py", line 442, in scan_task
    closed.set_result(None)
    ~~~~~~~~~~~~~~~~~^^^^^^
asyncio.exceptions.InvalidStateError: invalid state
2025-12-08 16:47:06 - scanner_config - INFO - Configuration loaded from scanner_config.json
2025-12-08 16:47:06 - NfcScan - INFO - get_nfc_input called with mode: usb_vendor
2025-12-08 16:47:06 - scanner_config - INFO - Configuration loaded from scanner_config.json
2025-12-08 16:47:06 - NfcScan - INFO - Starting USB HID input dialog - VID=0x11fa, PID=0x8202, timeout=30s
2025-12-08 16:47:06 - usb_hid_scanner - INFO - USBHIDScanner initialized with VID=0x11fa, PID=0x8202, timeout=30s
2025-12-08 16:47:06 - usb_hid_scanner - INFO - Attempting to connect to device VID=0x11fa, PID=0x8202
2025-12-08 16:47:06 - usb_hid_scanner - ERROR - Failed to connect to device VID=0x11fa, PID=0x8202: open failed
2025-12-08 16:47:06 - NfcScan - ERROR - Failed to connect to USB HID scanner
2025-12-08 16:47:06 - scanner_error_dialogs - INFO - Showing connection error dialog for VID=0x11fa, PID=0x8202
2025-12-08 16:47:06 - NfcScan - ERROR - Error during USB HID scan: The current slot cannot be determined because the slot stack for this task is empty.
This may happen if you try to create UI from a background task.
To fix this, enter the target slot explicitly using `with container_element:`.
2025-12-08 16:47:06 - asyncio - ERROR - Task exception was never retrieved
future: <Task finished name='Task-408' coro=<get_usb_hid_input.<locals>.scan_task() done, defined at c:\Users\RomanD\Desktop\Apps\Rental System\BNRS\NfcScan.py:286> exception=InvalidStateError('invalid state')>
Traceback (most recent call last):
  File "c:\Users\RomanD\Desktop\Apps\Rental System\BNRS\NfcScan.py", line 340, in scan_task
    choice = await ScannerErrorDialogs.show_connection_error(
             ^^^^^^^^^^^^^^^^^^^^^^^^^^^^^^^^^^^^^^^^^^^^^^^^
    ...<3 lines>...
    )
    ^
  File "c:\Users\RomanD\Desktop\Apps\Rental System\BNRS\scanner_error_dialogs.py", line 53, in show_connection_error
    dialog = ui.dialog()
  File "C:\Users\RomanD\Desktop\Apps\Rental System\BNRS\bnrs\Lib\site-packages\nicegui\elements\dialog.py", line 22, in __init__
    super().__init__(tag='q-dialog', value=value, on_value_change=None)
    ~~~~~~~~~~~~~~~~^^^^^^^^^^^^^^^^^^^^^^^^^^^^^^^^^^^^^^^^^^^^^^^^^^^
  File "C:\Users\RomanD\Desktop\Apps\Rental System\BNRS\bnrs\Lib\site-packages\nicegui\elements\mixins\value_element.py", line 31, in __init__
    super().__init__(**kwargs)
    ~~~~~~~~~~~~~~~~^^^^^^^^^^
  File "C:\Users\RomanD\Desktop\Apps\Rental System\BNRS\bnrs\Lib\site-packages\nicegui\element.py", line 52, in __init__
    self.client = _client or context.client
                             ^^^^^^^^^^^^^^
  File "C:\Users\RomanD\Desktop\Apps\Rental System\BNRS\bnrs\Lib\site-packages\nicegui\context.py", line 31, in client
    return self.slot.parent.client
           ^^^^^^^^^
  File "C:\Users\RomanD\Desktop\Apps\Rental System\BNRS\bnrs\Lib\site-packages\nicegui\context.py", line 23, in slot
    raise RuntimeError('The current slot cannot be determined because the slot stack for this task is empty.\n'
                       'This may happen if you try to create UI from a background task.\n'
                       'To fix this, enter the target slot explicitly using `with container_element:`.')
RuntimeError: The current slot cannot be determined because the slot stack for this task is empty.
This may happen if you try to create UI from a background task.
To fix this, enter the target slot explicitly using `with container_element:`.

During handling of the above exception, another exception occurred:

Traceback (most recent call last):
  File "c:\Users\RomanD\Desktop\Apps\Rental System\BNRS\NfcScan.py", line 442, in scan_task
    closed.set_result(None)
    ~~~~~~~~~~~~~~~~~^^^^^^
asyncio.exceptions.InvalidStateError: invalid state
2025-12-08 16:47:07 - scanner_config - INFO - Configuration loaded from scanner_config.json
2025-12-08 16:47:07 - NfcScan - INFO - get_nfc_input called with mode: usb_vendor
2025-12-08 16:47:07 - scanner_config - INFO - Configuration loaded from scanner_config.json
2025-12-08 16:47:07 - NfcScan - INFO - Starting USB HID input dialog - VID=0x11fa, PID=0x8202, timeout=30s
2025-12-08 16:47:07 - usb_hid_scanner - INFO - USBHIDScanner initialized with VID=0x11fa, PID=0x8202, timeout=30s
2025-12-08 16:47:07 - usb_hid_scanner - INFO - Attempting to connect to device VID=0x11fa, PID=0x8202
2025-12-08 16:47:07 - usb_hid_scanner - INFO - Successfully connected to device VID=0x11fa, PID=0x8202
2025-12-08 16:47:07 - usb_hid_scanner - INFO - Device info - Manufacturer: Code, Product: CR1500
2025-12-08 16:47:07 - NfcScan - INFO - USB HID scanner connected successfully
2025-12-08 16:47:09 - usb_hid_scanner - INFO - Successfully parsed scan: '6_mlsl132_42'
2025-12-08 16:47:09 - NfcScan - INFO - Successfully scanned data: '6_mlsl132_42'
2025-12-08 16:47:10 - usb_hid_scanner - INFO - Disconnecting from device VID=0x11fa, PID=0x8202
2025-12-08 16:47:10 - usb_hid_scanner - INFO - Device disconnected successfully
2025-12-08 16:47:10 - sqlalchemy.engine.Engine - INFO - SELECT equipment.id_eq AS equipment_id_eq, equipment.name AS equipment_name, equipment.serialnum AS equipment_serialnum, equipment.etype_id AS equipment_etype_id, equipment.status AS equipment_status, equipment.nfc AS equipment_nfc 
FROM equipment 
WHERE equipment.nfc = ? AND equipment.status = 1
 LIMIT ? OFFSET ?
2025-12-08 16:47:10 - sqlalchemy.engine.Engine - INFO - [cached since 234.2s ago] ('6_mlsl132_42', 1, 0)
2025-12-08 16:47:10 - sqlalchemy.engine.Engine - INFO - SELECT rentals.id_re AS rentals_id_re, rentals.user_id AS rentals_user_id, rentals.equipment_id AS rentals_equipment_id, rentals.rental_start AS rentals_rental_start, rentals.rental_end AS rentals_rental_end, rentals.comment AS rentals_comment 
FROM rentals 
WHERE rentals.equipment_id = ? AND rentals.rental_end IS NULL
 LIMIT ? OFFSET ?
2025-12-08 16:47:10 - sqlalchemy.engine.Engine - INFO - [cached since 40.71s ago] (6, 1, 0)
2025-12-08 16:47:10 - sqlalchemy.engine.Engine - INFO - SELECT etypes.id_et AS etypes_id_et, etypes.name AS etypes_name, etypes.status AS etypes_status 
FROM etypes 
WHERE etypes.id_et = ?
2025-12-08 16:47:10 - sqlalchemy.engine.Engine - INFO - [cached since 28.89s ago] (1,)
2025-12-08 16:47:10 - sqlalchemy.engine.Engine - INFO - SELECT users.id_us AS users_id_us, users.name AS users_name, users.id_dep AS users_id_dep, users.status AS users_status, users.nfc AS users_nfc, departments_1.id_dep AS departments_1_id_dep, departments_1.name AS departments_1_name, departments_1.status AS departments_1_status 
FROM users LEFT OUTER JOIN departments AS departments_1 ON departments_1.id_dep = users.id_dep 
WHERE users.id_us = ?
2025-12-08 16:47:10 - sqlalchemy.engine.Engine - INFO - [generated in 0.00097s] (15,)
2025-12-08 16:47:13 - sqlalchemy.engine.Engine - INFO - SELECT rentals.id_re AS rentals_id_re, rentals.user_id AS rentals_user_id, rentals.equipment_id AS rentals_equipment_id, rentals.rental_start AS rentals_rental_start, rentals.rental_end AS rentals_rental_end, rentals.comment AS rentals_comment, departments_1.id_dep AS departments_1_id_dep, departments_1.name AS departments_1_name, departments_1.status AS departments_1_status, users_1.id_us AS users_1_id_us, users_1.name AS users_1_name, users_1.id_dep AS users_1_id_dep, users_1.status AS users_1_status, users_1.nfc AS users_1_nfc, etypes_1.id_et AS etypes_1_id_et, etypes_1.name AS etypes_1_name, etypes_1.status AS etypes_1_status, equipment_1.id_eq AS equipment_1_id_eq, equipment_1.name AS equipment_1_name, equipment_1.serialnum AS equipment_1_serialnum, equipment_1.etype_id AS equipment_1_etype_id, equipment_1.status AS equipment_1_status, equipment_1.nfc AS equipment_1_nfc 
FROM rentals LEFT OUTER JOIN users AS users_1 ON users_1.id_us = rentals.user_id LEFT OUTER JOIN departments AS departments_1 ON departments_1.id_dep = users_1.id_dep LEFT OUTER JOIN equipment AS equipment_1 ON equipment_1.id_eq = rentals.equipment_id LEFT OUTER JOIN etypes AS etypes_1 ON etypes_1.id_et = equipment_1.etype_id 
WHERE rentals.id_re = ?
 LIMIT ? OFFSET ?
2025-12-08 16:47:13 - sqlalchemy.engine.Engine - INFO - [generated in 0.00130s] (34, 1, 0)
2025-12-08 16:47:13 - sqlalchemy.engine.Engine - INFO - UPDATE rentals SET rental_end=? WHERE rentals.id_re = ?
2025-12-08 16:47:13 - sqlalchemy.engine.Engine - INFO - [generated in 0.00092s] ('2025-12-08 16:47:13.434124', 34)
2025-12-08 16:47:13 - sqlalchemy.engine.Engine - INFO - COMMIT
2025-12-08 16:47:13 - sqlalchemy.engine.Engine - INFO - BEGIN (implicit)
2025-12-08 16:47:13 - sqlalchemy.engine.Engine - INFO - SELECT rentals.id_re, rentals.user_id, rentals.equipment_id, rentals.rental_start, rentals.rental_end, rentals.comment 
FROM rentals 
WHERE rentals.id_re = ?
2025-12-08 16:47:13 - sqlalchemy.engine.Engine - INFO - [cached since 30.4s ago] (34,)
2025-12-08 16:47:13 - sqlalchemy.engine.Engine - INFO - SELECT equipment.id_eq AS equipment_id_eq, equipment.name AS equipment_name, equipment.serialnum AS equipment_serialnum, equipment.etype_id AS equipment_etype_id, equipment.status AS equipment_status, equipment.nfc AS equipment_nfc, etypes_1.id_et AS etypes_1_id_et, etypes_1.name AS etypes_1_name, etypes_1.status AS etypes_1_status 
FROM equipment LEFT OUTER JOIN etypes AS etypes_1 ON etypes_1.id_et = equipment.etype_id 
WHERE equipment.status = 1 AND (equipment.id_eq NOT IN (SELECT rentals.equipment_id 
FROM rentals 
WHERE rentals.rental_end IS NULL))
2025-12-08 16:47:13 - sqlalchemy.engine.Engine - INFO - [cached since 268.8s ago] ()
2025-12-08 16:47:13 - sqlalchemy.engine.Engine - INFO - SELECT rentals.id_re AS rentals_id_re, rentals.user_id AS rentals_user_id, rentals.equipment_id AS rentals_equipment_id, rentals.rental_start AS rentals_rental_start, rentals.rental_end AS rentals_rental_end, rentals.comment AS rentals_comment, departments_1.id_dep AS departments_1_id_dep, departments_1.name AS departments_1_name, departments_1.status AS departments_1_status, users_1.id_us AS users_1_id_us, users_1.name AS users_1_name, users_1.id_dep AS users_1_id_dep, users_1.status AS users_1_status, users_1.nfc AS users_1_nfc, etypes_1.id_et AS etypes_1_id_et, etypes_1.name AS etypes_1_name, etypes_1.status AS etypes_1_status, equipment_1.id_eq AS equipment_1_id_eq, equipment_1.name AS equipment_1_name, equipment_1.serialnum AS equipment_1_serialnum, equipment_1.etype_id AS equipment_1_etype_id, equipment_1.status AS equipment_1_status, equipment_1.nfc AS equipment_1_nfc 
FROM rentals JOIN equipment ON equipment.id_eq = rentals.equipment_id LEFT OUTER JOIN users AS users_1 ON users_1.id_us = rentals.user_id LEFT OUTER JOIN departments AS departments_1 ON departments_1.id_dep = users_1.id_dep LEFT OUTER JOIN equipment AS equipment_1 ON equipment_1.id_eq = rentals.equipment_id LEFT OUTER JOIN etypes AS etypes_1 ON etypes_1.id_et = equipment_1.etype_id 
WHERE equipment.status = 1 AND rentals.rental_end IS NULL
2025-12-08 16:47:13 - sqlalchemy.engine.Engine - INFO - [cached since 268.8s ago] ()
2025-12-08 16:47:13 - sqlalchemy.engine.Engine - INFO - SELECT users.id_us AS users_id_us, users.name AS users_name, users.id_dep AS users_id_dep, users.status AS users_status, users.nfc AS users_nfc, departments_1.id_dep AS departments_1_id_dep, departments_1.name AS departments_1_name, departments_1.status AS departments_1_status 
FROM users LEFT OUTER JOIN departments AS departments_1 ON departments_1.id_dep = users.id_dep 
WHERE users.status = 1 ORDER BY users.name
2025-12-08 16:47:13 - sqlalchemy.engine.Engine - INFO - [cached since 268.8s ago] ()
2025-12-08 16:47:13 - sqlalchemy.engine.Engine - INFO - SELECT etypes.id_et AS etypes_id_et, etypes.name AS etypes_name, etypes.status AS etypes_status 
FROM etypes 
WHERE etypes.status = 1 ORDER BY etypes.name
2025-12-08 16:47:13 - sqlalchemy.engine.Engine - INFO - [cached since 269.1s ago] ()
2025-12-08 16:47:14 - scanner_config - INFO - Configuration loaded from scanner_config.json
2025-12-08 16:47:14 - NfcScan - INFO - get_nfc_input called with mode: usb_vendor
2025-12-08 16:47:14 - scanner_config - INFO - Configuration loaded from scanner_config.json
2025-12-08 16:47:14 - NfcScan - INFO - Starting USB HID input dialog - VID=0x11fa, PID=0x8202, timeout=30s
2025-12-08 16:47:14 - usb_hid_scanner - INFO - USBHIDScanner initialized with VID=0x11fa, PID=0x8202, timeout=30s
2025-12-08 16:47:14 - usb_hid_scanner - INFO - Attempting to connect to device VID=0x11fa, PID=0x8202
2025-12-08 16:47:14 - usb_hid_scanner - INFO - Successfully connected to device VID=0x11fa, PID=0x8202
2025-12-08 16:47:14 - usb_hid_scanner - INFO - Device info - Manufacturer: Code, Product: CR1500
2025-12-08 16:47:14 - NfcScan - INFO - USB HID scanner connected successfully
2025-12-08 16:47:15 - usb_hid_scanner - INFO - Successfully parsed scan: '5_bernd rohloff_2'
2025-12-08 16:47:15 - NfcScan - INFO - Successfully scanned data: '5_bernd rohloff_2'
2025-12-08 16:47:15 - usb_hid_scanner - INFO - Disconnecting from device VID=0x11fa, PID=0x8202
2025-12-08 16:47:15 - usb_hid_scanner - INFO - Device disconnected successfully
2025-12-08 16:47:15 - sqlalchemy.engine.Engine - INFO - SELECT equipment.id_eq AS equipment_id_eq, equipment.name AS equipment_name, equipment.serialnum AS equipment_serialnum, equipment.etype_id AS equipment_etype_id, equipment.status AS equipment_status, equipment.nfc AS equipment_nfc 
FROM equipment 
WHERE equipment.nfc = ? AND equipment.status = 1
 LIMIT ? OFFSET ?
2025-12-08 16:47:15 - sqlalchemy.engine.Engine - INFO - [cached since 239.6s ago] ('5_bernd rohloff_2', 1, 0)
2025-12-08 16:47:17 - scanner_config - INFO - Configuration loaded from scanner_config.json
2025-12-08 16:47:17 - NfcScan - INFO - get_nfc_input called with mode: usb_vendor
2025-12-08 16:47:17 - scanner_config - INFO - Configuration loaded from scanner_config.json
2025-12-08 16:47:17 - NfcScan - INFO - Starting USB HID input dialog - VID=0x11fa, PID=0x8202, timeout=30s
2025-12-08 16:47:17 - usb_hid_scanner - INFO - USBHIDScanner initialized with VID=0x11fa, PID=0x8202, timeout=30s
2025-12-08 16:47:17 - usb_hid_scanner - INFO - Attempting to connect to device VID=0x11fa, PID=0x8202
2025-12-08 16:47:17 - usb_hid_scanner - INFO - Successfully connected to device VID=0x11fa, PID=0x8202
2025-12-08 16:47:17 - usb_hid_scanner - INFO - Device info - Manufacturer: Code, Product: CR1500
2025-12-08 16:47:17 - NfcScan - INFO - USB HID scanner connected successfully
2025-12-08 16:47:21 - usb_hid_scanner - INFO - Successfully parsed scan: '6_mlsl132_42'
2025-12-08 16:47:21 - NfcScan - INFO - Successfully scanned data: '6_mlsl132_42'
2025-12-08 16:47:22 - usb_hid_scanner - INFO - Disconnecting from device VID=0x11fa, PID=0x8202
2025-12-08 16:47:22 - usb_hid_scanner - INFO - Device disconnected successfully
2025-12-08 16:47:22 - sqlalchemy.engine.Engine - INFO - SELECT equipment.id_eq AS equipment_id_eq, equipment.name AS equipment_name, equipment.serialnum AS equipment_serialnum, equipment.etype_id AS equipment_etype_id, equipment.status AS equipment_status, equipment.nfc AS equipment_nfc 
FROM equipment 
WHERE equipment.nfc = ? AND equipment.status = 1
 LIMIT ? OFFSET ?
2025-12-08 16:47:22 - sqlalchemy.engine.Engine - INFO - [cached since 246.1s ago] ('6_mlsl132_42', 1, 0)
2025-12-08 16:47:22 - sqlalchemy.engine.Engine - INFO - SELECT rentals.id_re AS rentals_id_re, rentals.user_id AS rentals_user_id, rentals.equipment_id AS rentals_equipment_id, rentals.rental_start AS rentals_rental_start, rentals.rental_end AS rentals_rental_end, rentals.comment AS rentals_comment 
FROM rentals 
WHERE rentals.equipment_id = ? AND rentals.rental_end IS NULL
 LIMIT ? OFFSET ?
2025-12-08 16:47:22 - sqlalchemy.engine.Engine - INFO - [cached since 52.64s ago] (6, 1, 0)
2025-12-08 16:47:22 - sqlalchemy.engine.Engine - INFO - SELECT users.id_us AS users_id_us, users.name AS users_name, users.id_dep AS users_id_dep, users.status AS users_status, users.nfc AS users_nfc, departments_1.id_dep AS departments_1_id_dep, departments_1.name AS departments_1_name, departments_1.status AS departments_1_status 
FROM users LEFT OUTER JOIN departments AS departments_1 ON departments_1.id_dep = users.id_dep 
WHERE users.status = 1 ORDER BY users.name
2025-12-08 16:47:22 - sqlalchemy.engine.Engine - INFO - [cached since 277.6s ago] ()
2025-12-08 16:53:43 - root - INFO - ================================================================================
2025-12-08 16:53:43 - root - INFO - Scanner logging initialized - Level: INFO, Console: True, File: True
2025-12-08 16:53:43 - root - INFO - ================================================================================
2025-12-08 16:53:43 - sqlalchemy.engine.Engine - INFO - SELECT etypes.id_et AS etypes_id_et, etypes.name AS etypes_name, etypes.status AS etypes_status 
FROM etypes 
WHERE etypes.status = 1 ORDER BY etypes.name
2025-12-08 16:53:43 - sqlalchemy.engine.Engine - INFO - [cached since 0.1151s ago] ()
2025-12-08 16:53:49 - root - INFO - ================================================================================
2025-12-08 16:53:49 - root - INFO - Scanner logging initialized - Level: INFO, Console: True, File: True
2025-12-08 16:53:49 - root - INFO - ================================================================================
2025-12-08 16:53:49 - sqlalchemy.engine.Engine - INFO - SELECT etypes.id_et AS etypes_id_et, etypes.name AS etypes_name, etypes.status AS etypes_status 
FROM etypes 
WHERE etypes.status = 1 ORDER BY etypes.name
2025-12-08 16:53:49 - sqlalchemy.engine.Engine - INFO - [cached since 0.1354s ago] ()
2025-12-08 16:53:54 - scanner_config - INFO - Configuration loaded from scanner_config.json
2025-12-08 16:53:54 - NfcScan - INFO - get_nfc_input called with mode: usb_vendor
2025-12-08 16:53:54 - scanner_config - INFO - Configuration loaded from scanner_config.json
2025-12-08 16:53:54 - NfcScan - INFO - Starting USB HID input dialog - VID=0x11fa, PID=0x8202, timeout=30s
2025-12-08 16:53:54 - usb_hid_scanner - INFO - USBHIDScanner initialized with VID=0x11fa, PID=0x8202, timeout=30s
2025-12-08 16:53:54 - usb_hid_scanner - INFO - Attempting to connect to device VID=0x11fa, PID=0x8202
2025-12-08 16:53:54 - usb_hid_scanner - INFO - Successfully connected to device VID=0x11fa, PID=0x8202
2025-12-08 16:53:54 - usb_hid_scanner - INFO - Device info - Manufacturer: Code, Product: CR1500
2025-12-08 16:53:54 - NfcScan - INFO - USB HID scanner connected successfully
2025-12-08 16:53:56 - usb_hid_scanner - INFO - Successfully parsed scan: '6_mlsl132_42'
2025-12-08 16:53:56 - NfcScan - INFO - Successfully scanned data: '6_mlsl132_42'
2025-12-08 16:53:56 - usb_hid_scanner - INFO - Disconnecting from device VID=0x11fa, PID=0x8202
2025-12-08 16:53:56 - usb_hid_scanner - INFO - Device disconnected successfully
2025-12-08 16:53:56 - sqlalchemy.engine.Engine - INFO - BEGIN (implicit)
2025-12-08 16:53:56 - sqlalchemy.engine.Engine - INFO - SELECT equipment.id_eq AS equipment_id_eq, equipment.name AS equipment_name, equipment.serialnum AS equipment_serialnum, equipment.etype_id AS equipment_etype_id, equipment.status AS equipment_status, equipment.nfc AS equipment_nfc 
FROM equipment 
WHERE equipment.nfc = ? AND equipment.status = 1
 LIMIT ? OFFSET ?
2025-12-08 16:53:56 - sqlalchemy.engine.Engine - INFO - [generated in 0.00062s] ('6_mlsl132_42', 1, 0)
2025-12-08 16:53:56 - sqlalchemy.engine.Engine - INFO - SELECT rentals.id_re AS rentals_id_re, rentals.user_id AS rentals_user_id, rentals.equipment_id AS rentals_equipment_id, rentals.rental_start AS rentals_rental_start, rentals.rental_end AS rentals_rental_end, rentals.comment AS rentals_comment 
FROM rentals 
WHERE rentals.equipment_id = ? AND rentals.rental_end IS NULL
 LIMIT ? OFFSET ?
2025-12-08 16:53:56 - sqlalchemy.engine.Engine - INFO - [generated in 0.00130s] (6, 1, 0)
2025-12-08 16:53:56 - scanner_config - INFO - Configuration loaded from scanner_config.json
2025-12-08 16:53:56 - NfcScan - INFO - get_user_input_with_selection called with scanner mode: usb_vendor
2025-12-08 16:53:56 - sqlalchemy.engine.Engine - INFO - SELECT users.id_us AS users_id_us, users.name AS users_name, users.id_dep AS users_id_dep, users.status AS users_status, users.nfc AS users_nfc, departments_1.id_dep AS departments_1_id_dep, departments_1.name AS departments_1_name, departments_1.status AS departments_1_status 
FROM users LEFT OUTER JOIN departments AS departments_1 ON departments_1.id_dep = users.id_dep 
WHERE users.status = 1 ORDER BY users.name
2025-12-08 16:53:56 - sqlalchemy.engine.Engine - INFO - [cached since 13.37s ago] ()
2025-12-08 16:53:56 - NfcScan - INFO - Starting USB HID background scanner task
2025-12-08 16:53:56 - scanner_config - INFO - Configuration loaded from scanner_config.json
2025-12-08 16:53:56 - usb_hid_scanner - INFO - USBHIDScanner initialized with VID=0x11fa, PID=0x8202, timeout=30s
2025-12-08 16:53:56 - usb_hid_scanner - INFO - Attempting to connect to device VID=0x11fa, PID=0x8202
2025-12-08 16:53:56 - usb_hid_scanner - INFO - Successfully connected to device VID=0x11fa, PID=0x8202
2025-12-08 16:53:56 - usb_hid_scanner - INFO - Device info - Manufacturer: Code, Product: CR1500
2025-12-08 16:53:56 - NfcScan - INFO - USB HID scanner connected in background mode
2025-12-08 16:53:58 - usb_hid_scanner - WARNING - Read timeout after 2.01s
2025-12-08 16:54:01 - usb_hid_scanner - WARNING - Read timeout after 2.00s
2025-12-08 16:54:01 - usb_hid_scanner - INFO - Successfully parsed scan: '5_bernd rohloff_2'
2025-12-08 16:54:01 - NfcScan - INFO - Background scanner received data: '5_bernd rohloff_2'
2025-12-08 16:54:01 - sqlalchemy.engine.Engine - INFO - SELECT users.id_us AS users_id_us, users.name AS users_name, users.id_dep AS users_id_dep, users.status AS users_status, users.nfc AS users_nfc 
FROM users 
WHERE users.nfc = ? AND users.status = 1
 LIMIT ? OFFSET ?
2025-12-08 16:54:01 - sqlalchemy.engine.Engine - INFO - [generated in 0.00074s] ('5_bernd rohloff_2', 1, 0)
2025-12-08 16:54:01 - NfcScan - INFO - User found: Bernd Rohloff
2025-12-08 16:54:01 - usb_hid_scanner - INFO - Disconnecting from device VID=0x11fa, PID=0x8202
2025-12-08 16:54:01 - usb_hid_scanner - INFO - Device disconnected successfully
2025-12-08 16:54:01 - NfcScan - INFO - Background scanner disconnected
2025-12-08 16:54:01 - sqlalchemy.engine.Engine - INFO - SELECT etypes.id_et AS etypes_id_et, etypes.name AS etypes_name, etypes.status AS etypes_status 
FROM etypes 
WHERE etypes.id_et = ?
2025-12-08 16:54:01 - sqlalchemy.engine.Engine - INFO - [generated in 0.00077s] (1,)
2025-12-08 16:54:12 - sqlalchemy.engine.Engine - INFO - BEGIN (implicit)
2025-12-08 16:54:12 - sqlalchemy.engine.Engine - INFO - SELECT users.id_us AS users_id_us, users.name AS users_name, users.id_dep AS users_id_dep, users.status AS users_status, users.nfc AS users_nfc, departments_1.id_dep AS departments_1_id_dep, departments_1.name AS departments_1_name, departments_1.status AS departments_1_status 
FROM users LEFT OUTER JOIN departments AS departments_1 ON departments_1.id_dep = users.id_dep ORDER BY users.name
2025-12-08 16:54:12 - sqlalchemy.engine.Engine - INFO - [generated in 0.00088s] ()
2025-12-08 16:54:12 - sqlalchemy.engine.Engine - INFO - ROLLBACK
2025-12-08 16:54:13 - sqlalchemy.engine.Engine - INFO - BEGIN (implicit)
2025-12-08 16:54:13 - sqlalchemy.engine.Engine - INFO - SELECT departments.id_dep AS departments_id_dep, departments.name AS departments_name, departments.status AS departments_status 
FROM departments ORDER BY departments.name
2025-12-08 16:54:13 - sqlalchemy.engine.Engine - INFO - [generated in 0.00056s] ()
2025-12-08 16:54:13 - sqlalchemy.engine.Engine - INFO - SELECT users.id_us AS users_id_us, users.name AS users_name, users.id_dep AS users_id_dep, users.status AS users_status, users.nfc AS users_nfc, departments_1.id_dep AS departments_1_id_dep, departments_1.name AS departments_1_name, departments_1.status AS departments_1_status 
FROM users LEFT OUTER JOIN departments AS departments_1 ON departments_1.id_dep = users.id_dep 
WHERE users.id_us = ?
 LIMIT ? OFFSET ?
2025-12-08 16:54:13 - sqlalchemy.engine.Engine - INFO - [generated in 0.00084s] (12, 1, 0)
2025-12-08 16:54:13 - sqlalchemy.engine.Engine - INFO - ROLLBACK
2025-12-08 16:54:16 - scanner_config - INFO - Configuration loaded from scanner_config.json
2025-12-08 16:54:16 - NfcScan - INFO - get_nfc_input called with mode: usb_vendor
2025-12-08 16:54:16 - scanner_config - INFO - Configuration loaded from scanner_config.json
2025-12-08 16:54:16 - NfcScan - INFO - Starting USB HID input dialog - VID=0x11fa, PID=0x8202, timeout=30s
2025-12-08 16:54:16 - usb_hid_scanner - INFO - USBHIDScanner initialized with VID=0x11fa, PID=0x8202, timeout=30s
2025-12-08 16:54:16 - usb_hid_scanner - INFO - Attempting to connect to device VID=0x11fa, PID=0x8202
2025-12-08 16:54:16 - usb_hid_scanner - INFO - Successfully connected to device VID=0x11fa, PID=0x8202
2025-12-08 16:54:16 - usb_hid_scanner - INFO - Device info - Manufacturer: Code, Product: CR1500
2025-12-08 16:54:16 - NfcScan - INFO - USB HID scanner connected successfully
2025-12-08 16:54:19 - NfcScan - INFO - USB HID scan cancelled by user
2025-12-08 16:54:25 - sqlalchemy.engine.Engine - INFO - SELECT users.id_us AS users_id_us, users.name AS users_name, users.id_dep AS users_id_dep, users.status AS users_status, users.nfc AS users_nfc, departments_1.id_dep AS departments_1_id_dep, departments_1.name AS departments_1_name, departments_1.status AS departments_1_status 
FROM users LEFT OUTER JOIN departments AS departments_1 ON departments_1.id_dep = users.id_dep 
WHERE users.status = 1 ORDER BY users.name
2025-12-08 16:54:25 - sqlalchemy.engine.Engine - INFO - [cached since 42.25s ago] ()
2025-12-08 16:54:25 - sqlalchemy.engine.Engine - INFO - SELECT etypes.id_et AS etypes_id_et, etypes.name AS etypes_name, etypes.status AS etypes_status 
FROM etypes 
WHERE etypes.status = 1 ORDER BY etypes.name
2025-12-08 16:54:25 - sqlalchemy.engine.Engine - INFO - [cached since 42.36s ago] ()
2025-12-08 16:54:25 - sqlalchemy.engine.Engine - INFO - SELECT equipment.id_eq AS equipment_id_eq, equipment.name AS equipment_name, equipment.serialnum AS equipment_serialnum, equipment.etype_id AS equipment_etype_id, equipment.status AS equipment_status, equipment.nfc AS equipment_nfc, etypes_1.id_et AS etypes_1_id_et, etypes_1.name AS etypes_1_name, etypes_1.status AS etypes_1_status 
FROM equipment LEFT OUTER JOIN etypes AS etypes_1 ON etypes_1.id_et = equipment.etype_id 
WHERE equipment.status = 1 AND (equipment.id_eq NOT IN (SELECT rentals.equipment_id 
FROM rentals 
WHERE rentals.rental_end IS NULL))
2025-12-08 16:54:25 - sqlalchemy.engine.Engine - INFO - [cached since 42.27s ago] ()
2025-12-08 16:54:25 - sqlalchemy.engine.Engine - INFO - SELECT rentals.id_re AS rentals_id_re, rentals.user_id AS rentals_user_id, rentals.equipment_id AS rentals_equipment_id, rentals.rental_start AS rentals_rental_start, rentals.rental_end AS rentals_rental_end, rentals.comment AS rentals_comment, departments_1.id_dep AS departments_1_id_dep, departments_1.name AS departments_1_name, departments_1.status AS departments_1_status, users_1.id_us AS users_1_id_us, users_1.name AS users_1_name, users_1.id_dep AS users_1_id_dep, users_1.status AS users_1_status, users_1.nfc AS users_1_nfc, etypes_1.id_et AS etypes_1_id_et, etypes_1.name AS etypes_1_name, etypes_1.status AS etypes_1_status, equipment_1.id_eq AS equipment_1_id_eq, equipment_1.name AS equipment_1_name, equipment_1.serialnum AS equipment_1_serialnum, equipment_1.etype_id AS equipment_1_etype_id, equipment_1.status AS equipment_1_status, equipment_1.nfc AS equipment_1_nfc 
FROM rentals JOIN equipment ON equipment.id_eq = rentals.equipment_id LEFT OUTER JOIN users AS users_1 ON users_1.id_us = rentals.user_id LEFT OUTER JOIN departments AS departments_1 ON departments_1.id_dep = users_1.id_dep LEFT OUTER JOIN equipment AS equipment_1 ON equipment_1.id_eq = rentals.equipment_id LEFT OUTER JOIN etypes AS etypes_1 ON etypes_1.id_et = equipment_1.etype_id 
WHERE equipment.status = 1 AND rentals.rental_end IS NULL
2025-12-08 16:54:25 - sqlalchemy.engine.Engine - INFO - [cached since 42.27s ago] ()
2025-12-08 16:54:25 - sqlalchemy.engine.Engine - INFO - SELECT departments.id_dep AS departments_id_dep, departments.name AS departments_name, departments.status AS departments_status 
FROM departments 
WHERE departments.status = 1 ORDER BY departments.name
2025-12-08 16:54:25 - sqlalchemy.engine.Engine - INFO - [cached since 42.44s ago] ()
2025-12-08 16:54:26 - sqlalchemy.engine.Engine - INFO - BEGIN (implicit)
2025-12-08 16:54:26 - sqlalchemy.engine.Engine - INFO - SELECT users.id_us AS users_id_us, users.name AS users_name, users.id_dep AS users_id_dep, users.status AS users_status, users.nfc AS users_nfc, departments_1.id_dep AS departments_1_id_dep, departments_1.name AS departments_1_name, departments_1.status AS departments_1_status 
FROM users LEFT OUTER JOIN departments AS departments_1 ON departments_1.id_dep = users.id_dep ORDER BY users.name
2025-12-08 16:54:26 - sqlalchemy.engine.Engine - INFO - [cached since 13.79s ago] ()
2025-12-08 16:54:26 - sqlalchemy.engine.Engine - INFO - ROLLBACK
2025-12-08 16:54:30 - sqlalchemy.engine.Engine - INFO - BEGIN (implicit)
2025-12-08 16:54:30 - sqlalchemy.engine.Engine - INFO - SELECT equipment.id_eq AS equipment_id_eq, equipment.name AS equipment_name, equipment.serialnum AS equipment_serialnum, equipment.etype_id AS equipment_etype_id, equipment.status AS equipment_status, equipment.nfc AS equipment_nfc, etypes_1.id_et AS etypes_1_id_et, etypes_1.name AS etypes_1_name, etypes_1.status AS etypes_1_status 
FROM equipment LEFT OUTER JOIN etypes AS etypes_1 ON etypes_1.id_et = equipment.etype_id ORDER BY equipment.name
2025-12-08 16:54:30 - sqlalchemy.engine.Engine - INFO - [generated in 0.00060s] ()
2025-12-08 16:54:30 - sqlalchemy.engine.Engine - INFO - ROLLBACK
2025-12-08 16:54:31 - sqlalchemy.engine.Engine - INFO - BEGIN (implicit)
2025-12-08 16:54:31 - sqlalchemy.engine.Engine - INFO - SELECT equipment.id_eq AS equipment_id_eq, equipment.name AS equipment_name, equipment.serialnum AS equipment_serialnum, equipment.etype_id AS equipment_etype_id, equipment.status AS equipment_status, equipment.nfc AS equipment_nfc 
FROM equipment 
WHERE equipment.id_eq = ?
 LIMIT ? OFFSET ?
2025-12-08 16:54:31 - sqlalchemy.engine.Engine - INFO - [generated in 0.00100s] (72, 1, 0)
2025-12-08 16:54:31 - sqlalchemy.engine.Engine - INFO - SELECT etypes.id_et AS etypes_id_et, etypes.name AS etypes_name, etypes.status AS etypes_status 
FROM etypes ORDER BY etypes.name
2025-12-08 16:54:31 - sqlalchemy.engine.Engine - INFO - [generated in 0.00056s] ()
2025-12-08 16:54:31 - sqlalchemy.engine.Engine - INFO - ROLLBACK
2025-12-08 16:54:42 - sqlalchemy.engine.Engine - INFO - BEGIN (implicit)
2025-12-08 16:54:42 - sqlalchemy.engine.Engine - INFO - SELECT equipment.id_eq AS equipment_id_eq, equipment.name AS equipment_name, equipment.serialnum AS equipment_serialnum, equipment.etype_id AS equipment_etype_id, equipment.status AS equipment_status, equipment.nfc AS equipment_nfc 
FROM equipment 
WHERE equipment.id_eq = ?
 LIMIT ? OFFSET ?
2025-12-08 16:54:42 - sqlalchemy.engine.Engine - INFO - [cached since 10.61s ago] (6, 1, 0)
2025-12-08 16:54:42 - sqlalchemy.engine.Engine - INFO - SELECT etypes.id_et AS etypes_id_et, etypes.name AS etypes_name, etypes.status AS etypes_status 
FROM etypes ORDER BY etypes.name
2025-12-08 16:54:42 - sqlalchemy.engine.Engine - INFO - [cached since 10.61s ago] ()
2025-12-08 16:54:42 - sqlalchemy.engine.Engine - INFO - ROLLBACK
2025-12-08 16:54:47 - scanner_config - INFO - Configuration loaded from scanner_config.json
2025-12-08 16:54:47 - NfcScan - INFO - get_nfc_input called with mode: usb_vendor
2025-12-08 16:54:47 - scanner_config - INFO - Configuration loaded from scanner_config.json
2025-12-08 16:54:47 - NfcScan - INFO - Starting USB HID input dialog - VID=0x11fa, PID=0x8202, timeout=30s
2025-12-08 16:54:47 - usb_hid_scanner - INFO - USBHIDScanner initialized with VID=0x11fa, PID=0x8202, timeout=30s
2025-12-08 16:54:47 - usb_hid_scanner - INFO - Attempting to connect to device VID=0x11fa, PID=0x8202
2025-12-08 16:54:47 - usb_hid_scanner - INFO - Successfully connected to device VID=0x11fa, PID=0x8202
2025-12-08 16:54:47 - usb_hid_scanner - INFO - Device info - Manufacturer: Code, Product: CR1500
2025-12-08 16:54:47 - NfcScan - INFO - USB HID scanner connected successfully
2025-12-08 16:54:47 - usb_hid_scanner - WARNING - Read timeout after 30.01s
2025-12-08 16:54:47 - NfcScan - WARNING - USB HID scan timeout
2025-12-08 16:54:47 - NfcScan - ERROR - Error during USB HID scan: invalid state
2025-12-08 16:54:47 - usb_hid_scanner - INFO - Disconnecting from device VID=0x11fa, PID=0x8202
2025-12-08 16:54:47 - usb_hid_scanner - INFO - Device disconnected successfully
2025-12-08 16:54:47 - asyncio - ERROR - Task exception was never retrieved
future: <Task finished name='Task-118' coro=<get_usb_hid_input.<locals>.scan_task() done, defined at c:\Users\RomanD\Desktop\Apps\Rental System\BNRS\NfcScan.py:286> exception=InvalidStateError('invalid state')>
Traceback (most recent call last):
  File "c:\Users\RomanD\Desktop\Apps\Rental System\BNRS\NfcScan.py", line 409, in scan_task
    closed.set_result(None)
    ~~~~~~~~~~~~~~~~~^^^^^^
asyncio.exceptions.InvalidStateError: invalid state

During handling of the above exception, another exception occurred:

Traceback (most recent call last):
  File "c:\Users\RomanD\Desktop\Apps\Rental System\BNRS\NfcScan.py", line 442, in scan_task
    closed.set_result(None)
    ~~~~~~~~~~~~~~~~~^^^^^^
asyncio.exceptions.InvalidStateError: invalid state
2025-12-08 16:54:51 - usb_hid_scanner - INFO - Successfully parsed scan: '6_mlsl132_42'
2025-12-08 16:54:51 - NfcScan - INFO - Successfully scanned data: '6_mlsl132_42'
2025-12-08 16:54:51 - usb_hid_scanner - INFO - Disconnecting from device VID=0x11fa, PID=0x8202
2025-12-08 16:54:51 - usb_hid_scanner - INFO - Device disconnected successfully
2025-12-08 16:54:51 - sqlalchemy.engine.Engine - INFO - BEGIN (implicit)
2025-12-08 16:54:51 - sqlalchemy.engine.Engine - INFO - SELECT equipment.id_eq AS equipment_id_eq, equipment.name AS equipment_name, equipment.serialnum AS equipment_serialnum, equipment.etype_id AS equipment_etype_id, equipment.status AS equipment_status, equipment.nfc AS equipment_nfc 
FROM equipment 
WHERE equipment.nfc = ? AND equipment.status = 1
 LIMIT ? OFFSET ?
2025-12-08 16:54:51 - sqlalchemy.engine.Engine - INFO - [cached since 54.99s ago] ('6_mlsl132_42', 1, 0)
2025-12-08 16:55:02 - sqlalchemy.engine.Engine - INFO - SELECT users.id_us AS users_id_us, users.name AS users_name, users.id_dep AS users_id_dep, users.status AS users_status, users.nfc AS users_nfc, departments_1.id_dep AS departments_1_id_dep, departments_1.name AS departments_1_name, departments_1.status AS departments_1_status 
FROM users LEFT OUTER JOIN departments AS departments_1 ON departments_1.id_dep = users.id_dep 
WHERE users.status = 1 ORDER BY users.name
2025-12-08 16:55:02 - sqlalchemy.engine.Engine - INFO - [cached since 78.8s ago] ()
2025-12-08 16:55:02 - sqlalchemy.engine.Engine - INFO - SELECT etypes.id_et AS etypes_id_et, etypes.name AS etypes_name, etypes.status AS etypes_status 
FROM etypes 
WHERE etypes.status = 1 ORDER BY etypes.name
2025-12-08 16:55:02 - sqlalchemy.engine.Engine - INFO - [cached since 78.91s ago] ()
2025-12-08 16:55:02 - sqlalchemy.engine.Engine - INFO - SELECT equipment.id_eq AS equipment_id_eq, equipment.name AS equipment_name, equipment.serialnum AS equipment_serialnum, equipment.etype_id AS equipment_etype_id, equipment.status AS equipment_status, equipment.nfc AS equipment_nfc, etypes_1.id_et AS etypes_1_id_et, etypes_1.name AS etypes_1_name, etypes_1.status AS etypes_1_status 
FROM equipment LEFT OUTER JOIN etypes AS etypes_1 ON etypes_1.id_et = equipment.etype_id 
WHERE equipment.status = 1 AND (equipment.id_eq NOT IN (SELECT rentals.equipment_id 
FROM rentals 
WHERE rentals.rental_end IS NULL))
2025-12-08 16:55:02 - sqlalchemy.engine.Engine - INFO - [cached since 78.82s ago] ()
2025-12-08 16:55:02 - sqlalchemy.engine.Engine - INFO - SELECT rentals.id_re AS rentals_id_re, rentals.user_id AS rentals_user_id, rentals.equipment_id AS rentals_equipment_id, rentals.rental_start AS rentals_rental_start, rentals.rental_end AS rentals_rental_end, rentals.comment AS rentals_comment, departments_1.id_dep AS departments_1_id_dep, departments_1.name AS departments_1_name, departments_1.status AS departments_1_status, users_1.id_us AS users_1_id_us, users_1.name AS users_1_name, users_1.id_dep AS users_1_id_dep, users_1.status AS users_1_status, users_1.nfc AS users_1_nfc, etypes_1.id_et AS etypes_1_id_et, etypes_1.name AS etypes_1_name, etypes_1.status AS etypes_1_status, equipment_1.id_eq AS equipment_1_id_eq, equipment_1.name AS equipment_1_name, equipment_1.serialnum AS equipment_1_serialnum, equipment_1.etype_id AS equipment_1_etype_id, equipment_1.status AS equipment_1_status, equipment_1.nfc AS equipment_1_nfc 
FROM rentals JOIN equipment ON equipment.id_eq = rentals.equipment_id LEFT OUTER JOIN users AS users_1 ON users_1.id_us = rentals.user_id LEFT OUTER JOIN departments AS departments_1 ON departments_1.id_dep = users_1.id_dep LEFT OUTER JOIN equipment AS equipment_1 ON equipment_1.id_eq = rentals.equipment_id LEFT OUTER JOIN etypes AS etypes_1 ON etypes_1.id_et = equipment_1.etype_id 
WHERE equipment.status = 1 AND rentals.rental_end IS NULL
2025-12-08 16:55:02 - sqlalchemy.engine.Engine - INFO - [cached since 78.82s ago] ()
2025-12-08 16:55:02 - sqlalchemy.engine.Engine - INFO - SELECT departments.id_dep AS departments_id_dep, departments.name AS departments_name, departments.status AS departments_status 
FROM departments 
WHERE departments.status = 1 ORDER BY departments.name
2025-12-08 16:55:02 - sqlalchemy.engine.Engine - INFO - [cached since 78.99s ago] ()
2025-12-08 16:55:11 - scanner_config - INFO - Configuration loaded from scanner_config.json
2025-12-08 16:55:11 - NfcScan - INFO - get_nfc_input called with mode: usb_vendor
2025-12-08 16:55:11 - scanner_config - INFO - Configuration loaded from scanner_config.json
2025-12-08 16:55:11 - NfcScan - INFO - Starting USB HID input dialog - VID=0x11fa, PID=0x8202, timeout=30s
2025-12-08 16:55:11 - usb_hid_scanner - INFO - USBHIDScanner initialized with VID=0x11fa, PID=0x8202, timeout=30s
2025-12-08 16:55:11 - usb_hid_scanner - INFO - Attempting to connect to device VID=0x11fa, PID=0x8202
2025-12-08 16:55:11 - usb_hid_scanner - INFO - Successfully connected to device VID=0x11fa, PID=0x8202
2025-12-08 16:55:11 - usb_hid_scanner - INFO - Device info - Manufacturer: Code, Product: CR1500
2025-12-08 16:55:11 - NfcScan - INFO - USB HID scanner connected successfully
2025-12-08 16:55:13 - usb_hid_scanner - INFO - Successfully parsed scan: '6_mlsl132_42'
2025-12-08 16:55:13 - NfcScan - INFO - Successfully scanned data: '6_mlsl132_42'
2025-12-08 16:55:13 - usb_hid_scanner - INFO - Disconnecting from device VID=0x11fa, PID=0x8202
2025-12-08 16:55:13 - usb_hid_scanner - INFO - Device disconnected successfully
2025-12-08 16:55:13 - sqlalchemy.engine.Engine - INFO - SELECT equipment.id_eq AS equipment_id_eq, equipment.name AS equipment_name, equipment.serialnum AS equipment_serialnum, equipment.etype_id AS equipment_etype_id, equipment.status AS equipment_status, equipment.nfc AS equipment_nfc 
FROM equipment 
WHERE equipment.nfc = ? AND equipment.status = 1
 LIMIT ? OFFSET ?
2025-12-08 16:55:13 - sqlalchemy.engine.Engine - INFO - [cached since 76.69s ago] ('6_mlsl132_42', 1, 0)
2025-12-08 16:55:13 - sqlalchemy.engine.Engine - INFO - SELECT rentals.id_re AS rentals_id_re, rentals.user_id AS rentals_user_id, rentals.equipment_id AS rentals_equipment_id, rentals.rental_start AS rentals_rental_start, rentals.rental_end AS rentals_rental_end, rentals.comment AS rentals_comment 
FROM rentals 
WHERE rentals.equipment_id = ? AND rentals.rental_end IS NULL
 LIMIT ? OFFSET ?
2025-12-08 16:55:13 - sqlalchemy.engine.Engine - INFO - [cached since 76.69s ago] (6, 1, 0)
2025-12-08 16:55:13 - scanner_config - INFO - Configuration loaded from scanner_config.json
2025-12-08 16:55:13 - NfcScan - INFO - get_user_input_with_selection called with scanner mode: usb_vendor
2025-12-08 16:55:13 - sqlalchemy.engine.Engine - INFO - SELECT users.id_us AS users_id_us, users.name AS users_name, users.id_dep AS users_id_dep, users.status AS users_status, users.nfc AS users_nfc, departments_1.id_dep AS departments_1_id_dep, departments_1.name AS departments_1_name, departments_1.status AS departments_1_status 
FROM users LEFT OUTER JOIN departments AS departments_1 ON departments_1.id_dep = users.id_dep 
WHERE users.status = 1 ORDER BY users.name
2025-12-08 16:55:13 - sqlalchemy.engine.Engine - INFO - [cached since 90.05s ago] ()
2025-12-08 16:55:13 - NfcScan - INFO - Starting USB HID background scanner task
2025-12-08 16:55:13 - scanner_config - INFO - Configuration loaded from scanner_config.json
2025-12-08 16:55:13 - usb_hid_scanner - INFO - USBHIDScanner initialized with VID=0x11fa, PID=0x8202, timeout=30s
2025-12-08 16:55:13 - usb_hid_scanner - INFO - Attempting to connect to device VID=0x11fa, PID=0x8202
2025-12-08 16:55:13 - usb_hid_scanner - INFO - Successfully connected to device VID=0x11fa, PID=0x8202
2025-12-08 16:55:13 - usb_hid_scanner - INFO - Device info - Manufacturer: Code, Product: CR1500
2025-12-08 16:55:13 - NfcScan - INFO - USB HID scanner connected in background mode
2025-12-08 16:55:15 - usb_hid_scanner - WARNING - Read timeout after 2.01s
2025-12-08 16:55:16 - usb_hid_scanner - INFO - Successfully parsed scan: '5_bernd rohloff_2'
2025-12-08 16:55:16 - NfcScan - INFO - Background scanner received data: '5_bernd rohloff_2'
2025-12-08 16:55:16 - sqlalchemy.engine.Engine - INFO - SELECT users.id_us AS users_id_us, users.name AS users_name, users.id_dep AS users_id_dep, users.status AS users_status, users.nfc AS users_nfc 
FROM users 
WHERE users.nfc = ? AND users.status = 1
 LIMIT ? OFFSET ?
2025-12-08 16:55:16 - sqlalchemy.engine.Engine - INFO - [cached since 74.85s ago] ('5_bernd rohloff_2', 1, 0)
2025-12-08 16:55:16 - NfcScan - INFO - User found: Bernd Rohloff
2025-12-08 16:55:16 - usb_hid_scanner - INFO - Disconnecting from device VID=0x11fa, PID=0x8202
2025-12-08 16:55:16 - usb_hid_scanner - INFO - Device disconnected successfully
2025-12-08 16:55:16 - NfcScan - INFO - Background scanner disconnected
2025-12-08 16:55:16 - sqlalchemy.engine.Engine - INFO - SELECT etypes.id_et AS etypes_id_et, etypes.name AS etypes_name, etypes.status AS etypes_status 
FROM etypes 
WHERE etypes.id_et = ?
2025-12-08 16:55:16 - sqlalchemy.engine.Engine - INFO - [cached since 74.85s ago] (1,)
2025-12-08 16:55:19 - sqlalchemy.engine.Engine - INFO - INSERT INTO rentals (user_id, equipment_id, rental_start, rental_end, comment) VALUES (?, ?, ?, ?, ?)
2025-12-08 16:55:19 - sqlalchemy.engine.Engine - INFO - [generated in 0.00088s] (5, 6, '2025-12-08 16:55:19.244393', None, '')
2025-12-08 16:55:19 - sqlalchemy.engine.Engine - INFO - COMMIT
2025-12-08 16:55:19 - sqlalchemy.engine.Engine - INFO - BEGIN (implicit)
2025-12-08 16:55:19 - sqlalchemy.engine.Engine - INFO - SELECT rentals.id_re, rentals.user_id, rentals.equipment_id, rentals.rental_start, rentals.rental_end, rentals.comment 
FROM rentals 
WHERE rentals.id_re = ?
2025-12-08 16:55:19 - sqlalchemy.engine.Engine - INFO - [generated in 0.00068s] (35,)
2025-12-08 16:55:19 - sqlalchemy.engine.Engine - INFO - SELECT equipment.id_eq AS equipment_id_eq, equipment.name AS equipment_name, equipment.serialnum AS equipment_serialnum, equipment.etype_id AS equipment_etype_id, equipment.status AS equipment_status, equipment.nfc AS equipment_nfc, etypes_1.id_et AS etypes_1_id_et, etypes_1.name AS etypes_1_name, etypes_1.status AS etypes_1_status 
FROM equipment LEFT OUTER JOIN etypes AS etypes_1 ON etypes_1.id_et = equipment.etype_id 
WHERE equipment.status = 1 AND (equipment.id_eq NOT IN (SELECT rentals.equipment_id 
FROM rentals 
WHERE rentals.rental_end IS NULL))
2025-12-08 16:55:19 - sqlalchemy.engine.Engine - INFO - [cached since 95.76s ago] ()
2025-12-08 16:55:19 - sqlalchemy.engine.Engine - INFO - SELECT rentals.id_re AS rentals_id_re, rentals.user_id AS rentals_user_id, rentals.equipment_id AS rentals_equipment_id, rentals.rental_start AS rentals_rental_start, rentals.rental_end AS rentals_rental_end, rentals.comment AS rentals_comment, departments_1.id_dep AS departments_1_id_dep, departments_1.name AS departments_1_name, departments_1.status AS departments_1_status, users_1.id_us AS users_1_id_us, users_1.name AS users_1_name, users_1.id_dep AS users_1_id_dep, users_1.status AS users_1_status, users_1.nfc AS users_1_nfc, etypes_1.id_et AS etypes_1_id_et, etypes_1.name AS etypes_1_name, etypes_1.status AS etypes_1_status, equipment_1.id_eq AS equipment_1_id_eq, equipment_1.name AS equipment_1_name, equipment_1.serialnum AS equipment_1_serialnum, equipment_1.etype_id AS equipment_1_etype_id, equipment_1.status AS equipment_1_status, equipment_1.nfc AS equipment_1_nfc 
FROM rentals JOIN equipment ON equipment.id_eq = rentals.equipment_id LEFT OUTER JOIN users AS users_1 ON users_1.id_us = rentals.user_id LEFT OUTER JOIN departments AS departments_1 ON departments_1.id_dep = users_1.id_dep LEFT OUTER JOIN equipment AS equipment_1 ON equipment_1.id_eq = rentals.equipment_id LEFT OUTER JOIN etypes AS etypes_1 ON etypes_1.id_et = equipment_1.etype_id 
WHERE equipment.status = 1 AND rentals.rental_end IS NULL
2025-12-08 16:55:19 - sqlalchemy.engine.Engine - INFO - [cached since 95.76s ago] ()
2025-12-08 16:55:19 - sqlalchemy.engine.Engine - INFO - SELECT users.id_us AS users_id_us, users.name AS users_name, users.id_dep AS users_id_dep, users.status AS users_status, users.nfc AS users_nfc, departments_1.id_dep AS departments_1_id_dep, departments_1.name AS departments_1_name, departments_1.status AS departments_1_status 
FROM users LEFT OUTER JOIN departments AS departments_1 ON departments_1.id_dep = users.id_dep 
WHERE users.status = 1 ORDER BY users.name
2025-12-08 16:55:19 - sqlalchemy.engine.Engine - INFO - [cached since 95.76s ago] ()
2025-12-08 16:55:19 - sqlalchemy.engine.Engine - INFO - SELECT etypes.id_et AS etypes_id_et, etypes.name AS etypes_name, etypes.status AS etypes_status 
FROM etypes 
WHERE etypes.status = 1 ORDER BY etypes.name
2025-12-08 16:55:19 - sqlalchemy.engine.Engine - INFO - [cached since 95.87s ago] ()
2025-12-08 16:55:21 - scanner_config - INFO - Configuration loaded from scanner_config.json
2025-12-08 16:55:21 - NfcScan - INFO - get_nfc_input called with mode: usb_vendor
2025-12-08 16:55:21 - scanner_config - INFO - Configuration loaded from scanner_config.json
2025-12-08 16:55:21 - NfcScan - INFO - Starting USB HID input dialog - VID=0x11fa, PID=0x8202, timeout=30s
2025-12-08 16:55:21 - usb_hid_scanner - INFO - USBHIDScanner initialized with VID=0x11fa, PID=0x8202, timeout=30s
2025-12-08 16:55:21 - usb_hid_scanner - INFO - Attempting to connect to device VID=0x11fa, PID=0x8202
2025-12-08 16:55:21 - usb_hid_scanner - INFO - Successfully connected to device VID=0x11fa, PID=0x8202
2025-12-08 16:55:21 - usb_hid_scanner - INFO - Device info - Manufacturer: Code, Product: CR1500
2025-12-08 16:55:21 - NfcScan - INFO - USB HID scanner connected successfully
2025-12-08 16:55:23 - usb_hid_scanner - INFO - Successfully parsed scan: '5_bernd rohloff_2'
2025-12-08 16:55:23 - NfcScan - INFO - Successfully scanned data: '5_bernd rohloff_2'
2025-12-08 16:55:23 - usb_hid_scanner - INFO - Disconnecting from device VID=0x11fa, PID=0x8202
2025-12-08 16:55:23 - usb_hid_scanner - INFO - Device disconnected successfully
2025-12-08 16:55:23 - sqlalchemy.engine.Engine - INFO - SELECT equipment.id_eq AS equipment_id_eq, equipment.name AS equipment_name, equipment.serialnum AS equipment_serialnum, equipment.etype_id AS equipment_etype_id, equipment.status AS equipment_status, equipment.nfc AS equipment_nfc 
FROM equipment 
WHERE equipment.nfc = ? AND equipment.status = 1
 LIMIT ? OFFSET ?
2025-12-08 16:55:23 - sqlalchemy.engine.Engine - INFO - [cached since 87.03s ago] ('5_bernd rohloff_2', 1, 0)
2025-12-08 16:55:26 - scanner_config - INFO - Configuration loaded from scanner_config.json
2025-12-08 16:55:26 - NfcScan - INFO - get_nfc_input called with mode: usb_vendor
2025-12-08 16:55:26 - scanner_config - INFO - Configuration loaded from scanner_config.json
2025-12-08 16:55:26 - NfcScan - INFO - Starting USB HID input dialog - VID=0x11fa, PID=0x8202, timeout=30s
2025-12-08 16:55:26 - usb_hid_scanner - INFO - USBHIDScanner initialized with VID=0x11fa, PID=0x8202, timeout=30s
2025-12-08 16:55:26 - usb_hid_scanner - INFO - Attempting to connect to device VID=0x11fa, PID=0x8202
2025-12-08 16:55:26 - usb_hid_scanner - INFO - Successfully connected to device VID=0x11fa, PID=0x8202
2025-12-08 16:55:26 - usb_hid_scanner - INFO - Device info - Manufacturer: Code, Product: CR1500
2025-12-08 16:55:26 - NfcScan - INFO - USB HID scanner connected successfully
2025-12-08 16:55:27 - usb_hid_scanner - INFO - Successfully parsed scan: '6_mlsl132_42'
2025-12-08 16:55:27 - NfcScan - INFO - Successfully scanned data: '6_mlsl132_42'
2025-12-08 16:55:27 - usb_hid_scanner - INFO - Disconnecting from device VID=0x11fa, PID=0x8202
2025-12-08 16:55:27 - usb_hid_scanner - INFO - Device disconnected successfully
2025-12-08 16:55:27 - sqlalchemy.engine.Engine - INFO - SELECT equipment.id_eq AS equipment_id_eq, equipment.name AS equipment_name, equipment.serialnum AS equipment_serialnum, equipment.etype_id AS equipment_etype_id, equipment.status AS equipment_status, equipment.nfc AS equipment_nfc 
FROM equipment 
WHERE equipment.nfc = ? AND equipment.status = 1
 LIMIT ? OFFSET ?
2025-12-08 16:55:27 - sqlalchemy.engine.Engine - INFO - [cached since 90.68s ago] ('6_mlsl132_42', 1, 0)
2025-12-08 16:55:27 - sqlalchemy.engine.Engine - INFO - SELECT rentals.id_re AS rentals_id_re, rentals.user_id AS rentals_user_id, rentals.equipment_id AS rentals_equipment_id, rentals.rental_start AS rentals_rental_start, rentals.rental_end AS rentals_rental_end, rentals.comment AS rentals_comment 
FROM rentals 
WHERE rentals.equipment_id = ? AND rentals.rental_end IS NULL
 LIMIT ? OFFSET ?
2025-12-08 16:55:27 - sqlalchemy.engine.Engine - INFO - [cached since 90.68s ago] (6, 1, 0)
2025-12-08 16:55:27 - sqlalchemy.engine.Engine - INFO - SELECT etypes.id_et AS etypes_id_et, etypes.name AS etypes_name, etypes.status AS etypes_status 
FROM etypes 
WHERE etypes.id_et = ?
2025-12-08 16:55:27 - sqlalchemy.engine.Engine - INFO - [cached since 86.31s ago] (1,)
2025-12-08 16:55:27 - sqlalchemy.engine.Engine - INFO - SELECT users.id_us AS users_id_us, users.name AS users_name, users.id_dep AS users_id_dep, users.status AS users_status, users.nfc AS users_nfc, departments_1.id_dep AS departments_1_id_dep, departments_1.name AS departments_1_name, departments_1.status AS departments_1_status 
FROM users LEFT OUTER JOIN departments AS departments_1 ON departments_1.id_dep = users.id_dep 
WHERE users.id_us = ?
2025-12-08 16:55:27 - sqlalchemy.engine.Engine - INFO - [generated in 0.00068s] (5,)
2025-12-08 16:55:33 - sqlalchemy.engine.Engine - INFO - SELECT rentals.id_re AS rentals_id_re, rentals.user_id AS rentals_user_id, rentals.equipment_id AS rentals_equipment_id, rentals.rental_start AS rentals_rental_start, rentals.rental_end AS rentals_rental_end, rentals.comment AS rentals_comment, departments_1.id_dep AS departments_1_id_dep, departments_1.name AS departments_1_name, departments_1.status AS departments_1_status, users_1.id_us AS users_1_id_us, users_1.name AS users_1_name, users_1.id_dep AS users_1_id_dep, users_1.status AS users_1_status, users_1.nfc AS users_1_nfc, etypes_1.id_et AS etypes_1_id_et, etypes_1.name AS etypes_1_name, etypes_1.status AS etypes_1_status, equipment_1.id_eq AS equipment_1_id_eq, equipment_1.name AS equipment_1_name, equipment_1.serialnum AS equipment_1_serialnum, equipment_1.etype_id AS equipment_1_etype_id, equipment_1.status AS equipment_1_status, equipment_1.nfc AS equipment_1_nfc 
FROM rentals LEFT OUTER JOIN users AS users_1 ON users_1.id_us = rentals.user_id LEFT OUTER JOIN departments AS departments_1 ON departments_1.id_dep = users_1.id_dep LEFT OUTER JOIN equipment AS equipment_1 ON equipment_1.id_eq = rentals.equipment_id LEFT OUTER JOIN etypes AS etypes_1 ON etypes_1.id_et = equipment_1.etype_id 
WHERE rentals.id_re = ?
 LIMIT ? OFFSET ?
2025-12-08 16:55:33 - sqlalchemy.engine.Engine - INFO - [generated in 0.00122s] (35, 1, 0)
2025-12-08 16:55:33 - sqlalchemy.engine.Engine - INFO - UPDATE rentals SET rental_end=? WHERE rentals.id_re = ?
2025-12-08 16:55:33 - sqlalchemy.engine.Engine - INFO - [generated in 0.00059s] ('2025-12-08 16:55:33.410656', 35)
2025-12-08 16:55:33 - sqlalchemy.engine.Engine - INFO - COMMIT
2025-12-08 16:55:33 - sqlalchemy.engine.Engine - INFO - BEGIN (implicit)
2025-12-08 16:55:33 - sqlalchemy.engine.Engine - INFO - SELECT rentals.id_re, rentals.user_id, rentals.equipment_id, rentals.rental_start, rentals.rental_end, rentals.comment 
FROM rentals 
WHERE rentals.id_re = ?
2025-12-08 16:55:33 - sqlalchemy.engine.Engine - INFO - [cached since 14.17s ago] (35,)
2025-12-08 16:55:33 - sqlalchemy.engine.Engine - INFO - SELECT equipment.id_eq AS equipment_id_eq, equipment.name AS equipment_name, equipment.serialnum AS equipment_serialnum, equipment.etype_id AS equipment_etype_id, equipment.status AS equipment_status, equipment.nfc AS equipment_nfc, etypes_1.id_et AS etypes_1_id_et, etypes_1.name AS etypes_1_name, etypes_1.status AS etypes_1_status 
FROM equipment LEFT OUTER JOIN etypes AS etypes_1 ON etypes_1.id_et = equipment.etype_id 
WHERE equipment.status = 1 AND (equipment.id_eq NOT IN (SELECT rentals.equipment_id 
FROM rentals 
WHERE rentals.rental_end IS NULL))
2025-12-08 16:55:33 - sqlalchemy.engine.Engine - INFO - [cached since 109.9s ago] ()
2025-12-08 16:55:33 - sqlalchemy.engine.Engine - INFO - SELECT rentals.id_re AS rentals_id_re, rentals.user_id AS rentals_user_id, rentals.equipment_id AS rentals_equipment_id, rentals.rental_start AS rentals_rental_start, rentals.rental_end AS rentals_rental_end, rentals.comment AS rentals_comment, departments_1.id_dep AS departments_1_id_dep, departments_1.name AS departments_1_name, departments_1.status AS departments_1_status, users_1.id_us AS users_1_id_us, users_1.name AS users_1_name, users_1.id_dep AS users_1_id_dep, users_1.status AS users_1_status, users_1.nfc AS users_1_nfc, etypes_1.id_et AS etypes_1_id_et, etypes_1.name AS etypes_1_name, etypes_1.status AS etypes_1_status, equipment_1.id_eq AS equipment_1_id_eq, equipment_1.name AS equipment_1_name, equipment_1.serialnum AS equipment_1_serialnum, equipment_1.etype_id AS equipment_1_etype_id, equipment_1.status AS equipment_1_status, equipment_1.nfc AS equipment_1_nfc 
FROM rentals JOIN equipment ON equipment.id_eq = rentals.equipment_id LEFT OUTER JOIN users AS users_1 ON users_1.id_us = rentals.user_id LEFT OUTER JOIN departments AS departments_1 ON departments_1.id_dep = users_1.id_dep LEFT OUTER JOIN equipment AS equipment_1 ON equipment_1.id_eq = rentals.equipment_id LEFT OUTER JOIN etypes AS etypes_1 ON etypes_1.id_et = equipment_1.etype_id 
WHERE equipment.status = 1 AND rentals.rental_end IS NULL
2025-12-08 16:55:33 - sqlalchemy.engine.Engine - INFO - [cached since 109.9s ago] ()
2025-12-08 16:55:33 - sqlalchemy.engine.Engine - INFO - SELECT users.id_us AS users_id_us, users.name AS users_name, users.id_dep AS users_id_dep, users.status AS users_status, users.nfc AS users_nfc, departments_1.id_dep AS departments_1_id_dep, departments_1.name AS departments_1_name, departments_1.status AS departments_1_status 
FROM users LEFT OUTER JOIN departments AS departments_1 ON departments_1.id_dep = users.id_dep 
WHERE users.status = 1 ORDER BY users.name
2025-12-08 16:55:33 - sqlalchemy.engine.Engine - INFO - [cached since 109.9s ago] ()
2025-12-08 16:55:33 - sqlalchemy.engine.Engine - INFO - SELECT etypes.id_et AS etypes_id_et, etypes.name AS etypes_name, etypes.status AS etypes_status 
FROM etypes 
WHERE etypes.status = 1 ORDER BY etypes.name
2025-12-08 16:55:33 - sqlalchemy.engine.Engine - INFO - [cached since 110s ago] ()
2025-12-08 16:55:35 - scanner_config - INFO - Configuration loaded from scanner_config.json
2025-12-08 16:55:35 - NfcScan - INFO - get_nfc_input called with mode: usb_vendor
2025-12-08 16:55:35 - scanner_config - INFO - Configuration loaded from scanner_config.json
2025-12-08 16:55:35 - NfcScan - INFO - Starting USB HID input dialog - VID=0x11fa, PID=0x8202, timeout=30s
2025-12-08 16:55:35 - usb_hid_scanner - INFO - USBHIDScanner initialized with VID=0x11fa, PID=0x8202, timeout=30s
2025-12-08 16:55:35 - usb_hid_scanner - INFO - Attempting to connect to device VID=0x11fa, PID=0x8202
2025-12-08 16:55:35 - usb_hid_scanner - INFO - Successfully connected to device VID=0x11fa, PID=0x8202
2025-12-08 16:55:35 - usb_hid_scanner - INFO - Device info - Manufacturer: Code, Product: CR1500
2025-12-08 16:55:35 - NfcScan - INFO - USB HID scanner connected successfully
2025-12-08 16:55:37 - usb_hid_scanner - INFO - Successfully parsed scan: '6_mlsl132_42'
2025-12-08 16:55:37 - NfcScan - INFO - Successfully scanned data: '6_mlsl132_42'
2025-12-08 16:55:37 - usb_hid_scanner - INFO - Disconnecting from device VID=0x11fa, PID=0x8202
2025-12-08 16:55:37 - usb_hid_scanner - INFO - Device disconnected successfully
2025-12-08 16:55:37 - sqlalchemy.engine.Engine - INFO - SELECT equipment.id_eq AS equipment_id_eq, equipment.name AS equipment_name, equipment.serialnum AS equipment_serialnum, equipment.etype_id AS equipment_etype_id, equipment.status AS equipment_status, equipment.nfc AS equipment_nfc 
FROM equipment 
WHERE equipment.nfc = ? AND equipment.status = 1
 LIMIT ? OFFSET ?
2025-12-08 16:55:37 - sqlalchemy.engine.Engine - INFO - [cached since 100.8s ago] ('6_mlsl132_42', 1, 0)
2025-12-08 16:55:37 - sqlalchemy.engine.Engine - INFO - SELECT rentals.id_re AS rentals_id_re, rentals.user_id AS rentals_user_id, rentals.equipment_id AS rentals_equipment_id, rentals.rental_start AS rentals_rental_start, rentals.rental_end AS rentals_rental_end, rentals.comment AS rentals_comment 
FROM rentals 
WHERE rentals.equipment_id = ? AND rentals.rental_end IS NULL
 LIMIT ? OFFSET ?
2025-12-08 16:55:37 - sqlalchemy.engine.Engine - INFO - [cached since 100.8s ago] (6, 1, 0)
2025-12-08 16:55:37 - scanner_config - INFO - Configuration loaded from scanner_config.json
2025-12-08 16:55:37 - NfcScan - INFO - get_user_input_with_selection called with scanner mode: usb_vendor
2025-12-08 16:55:37 - sqlalchemy.engine.Engine - INFO - SELECT users.id_us AS users_id_us, users.name AS users_name, users.id_dep AS users_id_dep, users.status AS users_status, users.nfc AS users_nfc, departments_1.id_dep AS departments_1_id_dep, departments_1.name AS departments_1_name, departments_1.status AS departments_1_status 
FROM users LEFT OUTER JOIN departments AS departments_1 ON departments_1.id_dep = users.id_dep 
WHERE users.status = 1 ORDER BY users.name
2025-12-08 16:55:37 - sqlalchemy.engine.Engine - INFO - [cached since 114.1s ago] ()
2025-12-08 16:55:37 - NfcScan - INFO - Starting USB HID background scanner task
2025-12-08 16:55:37 - scanner_config - INFO - Configuration loaded from scanner_config.json
2025-12-08 16:55:37 - usb_hid_scanner - INFO - USBHIDScanner initialized with VID=0x11fa, PID=0x8202, timeout=30s
2025-12-08 16:55:37 - usb_hid_scanner - INFO - Attempting to connect to device VID=0x11fa, PID=0x8202
2025-12-08 16:55:37 - usb_hid_scanner - INFO - Successfully connected to device VID=0x11fa, PID=0x8202
2025-12-08 16:55:37 - usb_hid_scanner - INFO - Device info - Manufacturer: Code, Product: CR1500
2025-12-08 16:55:37 - NfcScan - INFO - USB HID scanner connected in background mode
2025-12-08 16:55:39 - usb_hid_scanner - WARNING - Read timeout after 2.01s
2025-12-08 16:55:41 - usb_hid_scanner - WARNING - Read timeout after 2.01s
2025-12-08 16:55:43 - usb_hid_scanner - WARNING - Read timeout after 2.01s
2025-12-08 16:55:46 - usb_hid_scanner - WARNING - Read timeout after 2.01s
2025-12-08 16:55:48 - usb_hid_scanner - WARNING - Read timeout after 2.00s
2025-12-08 16:55:50 - usb_hid_scanner - WARNING - Read timeout after 2.00s
2025-12-08 16:55:52 - usb_hid_scanner - WARNING - Read timeout after 2.00s
2025-12-08 16:55:54 - usb_hid_scanner - WARNING - Read timeout after 2.00s
2025-12-08 16:55:56 - usb_hid_scanner - WARNING - Read timeout after 2.00s
2025-12-08 16:55:58 - usb_hid_scanner - WARNING - Read timeout after 2.01s
2025-12-08 16:56:00 - usb_hid_scanner - WARNING - Read timeout after 2.01s
2025-12-08 16:56:02 - usb_hid_scanner - WARNING - Read timeout after 2.01s
2025-12-08 16:56:04 - usb_hid_scanner - WARNING - Read timeout after 2.00s
2025-12-08 16:56:07 - usb_hid_scanner - WARNING - Read timeout after 2.01s
2025-12-08 16:56:09 - usb_hid_scanner - WARNING - Read timeout after 2.01s
2025-12-08 16:56:11 - usb_hid_scanner - WARNING - Read timeout after 2.01s
2025-12-08 16:56:13 - usb_hid_scanner - WARNING - Read timeout after 2.00s
2025-12-08 16:56:15 - usb_hid_scanner - WARNING - Read timeout after 2.00s
2025-12-08 16:56:17 - usb_hid_scanner - WARNING - Read timeout after 2.00s
2025-12-08 16:56:19 - usb_hid_scanner - WARNING - Read timeout after 2.00s
2025-12-08 16:56:21 - usb_hid_scanner - WARNING - Read timeout after 2.01s
2025-12-08 16:56:23 - usb_hid_scanner - WARNING - Read timeout after 2.00s
2025-12-08 16:56:26 - usb_hid_scanner - WARNING - Read timeout after 2.00s
2025-12-08 16:56:28 - usb_hid_scanner - WARNING - Read timeout after 2.00s
2025-12-08 16:56:29 - usb_hid_scanner - INFO - Disconnecting from device VID=0x11fa, PID=0x8202
2025-12-08 16:56:29 - usb_hid_scanner - INFO - Device disconnected successfully
2025-12-08 16:56:29 - NfcScan - INFO - Background scanner disconnected
2025-12-08 16:56:29 - usb_hid_scanner - ERROR - Device disconnected during read operation
2025-12-08 16:56:35 - root - INFO - ================================================================================
2025-12-08 16:56:35 - root - INFO - Scanner logging initialized - Level: INFO, Console: True, File: True
2025-12-08 16:56:35 - root - INFO - ================================================================================
2025-12-08 16:56:35 - sqlalchemy.engine.Engine - INFO - SELECT etypes.id_et AS etypes_id_et, etypes.name AS etypes_name, etypes.status AS etypes_status 
FROM etypes 
WHERE etypes.status = 1 ORDER BY etypes.name
2025-12-08 16:56:35 - sqlalchemy.engine.Engine - INFO - [cached since 0.1006s ago] ()
2025-12-08 16:56:41 - root - INFO - ================================================================================
2025-12-08 16:56:41 - root - INFO - Scanner logging initialized - Level: INFO, Console: True, File: True
2025-12-08 16:56:41 - root - INFO - ================================================================================
2025-12-08 16:56:41 - sqlalchemy.engine.Engine - INFO - SELECT etypes.id_et AS etypes_id_et, etypes.name AS etypes_name, etypes.status AS etypes_status 
FROM etypes 
WHERE etypes.status = 1 ORDER BY etypes.name
2025-12-08 16:56:41 - sqlalchemy.engine.Engine - INFO - [cached since 0.09704s ago] ()
2025-12-08 16:56:46 - scanner_config - INFO - Configuration loaded from scanner_config.json
2025-12-08 16:56:46 - NfcScan - INFO - get_nfc_input called with mode: usb_vendor
2025-12-08 16:56:46 - scanner_config - INFO - Configuration loaded from scanner_config.json
2025-12-08 16:56:46 - NfcScan - INFO - Starting USB HID input dialog - VID=0x11fa, PID=0x8202, timeout=30s
2025-12-08 16:56:46 - usb_hid_scanner - INFO - USBHIDScanner initialized with VID=0x11fa, PID=0x8202, timeout=30s
2025-12-08 16:56:46 - usb_hid_scanner - INFO - Attempting to connect to device VID=0x11fa, PID=0x8202
2025-12-08 16:56:46 - usb_hid_scanner - INFO - Successfully connected to device VID=0x11fa, PID=0x8202
2025-12-08 16:56:46 - usb_hid_scanner - INFO - Device info - Manufacturer: Code, Product: CR1500
2025-12-08 16:56:46 - NfcScan - INFO - USB HID scanner connected successfully
2025-12-08 16:56:48 - usb_hid_scanner - INFO - Successfully parsed scan: '6_mlsl132_42'
2025-12-08 16:56:48 - NfcScan - INFO - Successfully scanned data: '6_mlsl132_42'
2025-12-08 16:56:49 - usb_hid_scanner - INFO - Disconnecting from device VID=0x11fa, PID=0x8202
2025-12-08 16:56:49 - usb_hid_scanner - INFO - Device disconnected successfully
2025-12-08 16:56:49 - sqlalchemy.engine.Engine - INFO - BEGIN (implicit)
2025-12-08 16:56:49 - sqlalchemy.engine.Engine - INFO - SELECT equipment.id_eq AS equipment_id_eq, equipment.name AS equipment_name, equipment.serialnum AS equipment_serialnum, equipment.etype_id AS equipment_etype_id, equipment.status AS equipment_status, equipment.nfc AS equipment_nfc 
FROM equipment 
WHERE equipment.nfc = ? AND equipment.status = 1
 LIMIT ? OFFSET ?
2025-12-08 16:56:49 - sqlalchemy.engine.Engine - INFO - [generated in 0.00073s] ('6_mlsl132_42', 1, 0)
2025-12-08 16:56:49 - sqlalchemy.engine.Engine - INFO - SELECT rentals.id_re AS rentals_id_re, rentals.user_id AS rentals_user_id, rentals.equipment_id AS rentals_equipment_id, rentals.rental_start AS rentals_rental_start, rentals.rental_end AS rentals_rental_end, rentals.comment AS rentals_comment 
FROM rentals 
WHERE rentals.equipment_id = ? AND rentals.rental_end IS NULL
 LIMIT ? OFFSET ?
2025-12-08 16:56:49 - sqlalchemy.engine.Engine - INFO - [generated in 0.00112s] (6, 1, 0)
2025-12-08 16:56:49 - scanner_config - INFO - Configuration loaded from scanner_config.json
2025-12-08 16:56:49 - NfcScan - INFO - get_user_input_with_selection called with scanner mode: usb_vendor
2025-12-08 16:56:49 - sqlalchemy.engine.Engine - INFO - SELECT users.id_us AS users_id_us, users.name AS users_name, users.id_dep AS users_id_dep, users.status AS users_status, users.nfc AS users_nfc, departments_1.id_dep AS departments_1_id_dep, departments_1.name AS departments_1_name, departments_1.status AS departments_1_status 
FROM users LEFT OUTER JOIN departments AS departments_1 ON departments_1.id_dep = users.id_dep 
WHERE users.status = 1 ORDER BY users.name
2025-12-08 16:56:49 - sqlalchemy.engine.Engine - INFO - [cached since 13.23s ago] ()
2025-12-08 16:56:49 - NfcScan - INFO - Starting USB HID background scanner task
2025-12-08 16:56:49 - scanner_config - INFO - Configuration loaded from scanner_config.json
2025-12-08 16:56:49 - usb_hid_scanner - INFO - USBHIDScanner initialized with VID=0x11fa, PID=0x8202, timeout=30s
2025-12-08 16:56:49 - usb_hid_scanner - INFO - Attempting to connect to device VID=0x11fa, PID=0x8202
2025-12-08 16:56:49 - usb_hid_scanner - INFO - Successfully connected to device VID=0x11fa, PID=0x8202
2025-12-08 16:56:49 - usb_hid_scanner - INFO - Device info - Manufacturer: Code, Product: CR1500
2025-12-08 16:56:49 - NfcScan - INFO - USB HID scanner connected in background mode
2025-12-08 16:56:51 - usb_hid_scanner - WARNING - Read timeout after 2.01s
2025-12-08 16:56:53 - usb_hid_scanner - WARNING - Read timeout after 2.01s
2025-12-08 16:56:55 - usb_hid_scanner - WARNING - Read timeout after 2.01s
2025-12-08 16:56:56 - usb_hid_scanner - INFO - Successfully parsed scan: '5_bernd rohloff_2'
2025-12-08 16:56:56 - NfcScan - INFO - Background scanner received data: '5_bernd rohloff_2'
2025-12-08 16:56:56 - sqlalchemy.engine.Engine - INFO - SELECT users.id_us AS users_id_us, users.name AS users_name, users.id_dep AS users_id_dep, users.status AS users_status, users.nfc AS users_nfc 
FROM users 
WHERE users.nfc = ? AND users.status = 1
 LIMIT ? OFFSET ?
2025-12-08 16:56:56 - sqlalchemy.engine.Engine - INFO - [generated in 0.00057s] ('5_bernd rohloff_2', 1, 0)
2025-12-08 16:56:56 - NfcScan - INFO - User found: Bernd Rohloff
2025-12-08 16:56:56 - usb_hid_scanner - INFO - Disconnecting from device VID=0x11fa, PID=0x8202
2025-12-08 16:56:56 - usb_hid_scanner - INFO - Device disconnected successfully
2025-12-08 16:56:56 - NfcScan - INFO - Background scanner disconnected
2025-12-08 16:56:56 - sqlalchemy.engine.Engine - INFO - SELECT etypes.id_et AS etypes_id_et, etypes.name AS etypes_name, etypes.status AS etypes_status 
FROM etypes 
WHERE etypes.id_et = ?
2025-12-08 16:56:56 - sqlalchemy.engine.Engine - INFO - [generated in 0.00099s] (1,)
2025-12-08 16:57:09 - scanner_config - INFO - Configuration loaded from scanner_config.json
2025-12-08 16:57:09 - NfcScan - INFO - get_nfc_input called with mode: usb_vendor
2025-12-08 16:57:09 - scanner_config - INFO - Configuration loaded from scanner_config.json
2025-12-08 16:57:09 - NfcScan - INFO - Starting USB HID input dialog - VID=0x11fa, PID=0x8202, timeout=30s
2025-12-08 16:57:09 - usb_hid_scanner - INFO - USBHIDScanner initialized with VID=0x11fa, PID=0x8202, timeout=30s
2025-12-08 16:57:09 - usb_hid_scanner - INFO - Attempting to connect to device VID=0x11fa, PID=0x8202
2025-12-08 16:57:09 - usb_hid_scanner - ERROR - Failed to connect to device VID=0x11fa, PID=0x8202: open failed
2025-12-08 16:57:09 - NfcScan - ERROR - Failed to connect to USB HID scanner
2025-12-08 16:57:09 - scanner_error_dialogs - INFO - Showing connection error dialog for VID=0x11fa, PID=0x8202
2025-12-08 16:57:09 - NfcScan - ERROR - Error during USB HID scan: The current slot cannot be determined because the slot stack for this task is empty.
This may happen if you try to create UI from a background task.
To fix this, enter the target slot explicitly using `with container_element:`.
2025-12-08 16:57:09 - asyncio - ERROR - Task exception was never retrieved
future: <Task finished name='Task-86' coro=<get_usb_hid_input.<locals>.scan_task() done, defined at c:\Users\RomanD\Desktop\Apps\Rental System\BNRS\NfcScan.py:286> exception=InvalidStateError('invalid state')>
Traceback (most recent call last):
  File "c:\Users\RomanD\Desktop\Apps\Rental System\BNRS\NfcScan.py", line 340, in scan_task
    choice = await ScannerErrorDialogs.show_connection_error(
             ^^^^^^^^^^^^^^^^^^^^^^^^^^^^^^^^^^^^^^^^^^^^^^^^
    ...<3 lines>...
    )
    ^
  File "c:\Users\RomanD\Desktop\Apps\Rental System\BNRS\scanner_error_dialogs.py", line 53, in show_connection_error
    dialog = ui.dialog()
  File "C:\Users\RomanD\Desktop\Apps\Rental System\BNRS\bnrs\Lib\site-packages\nicegui\elements\dialog.py", line 22, in __init__
    super().__init__(tag='q-dialog', value=value, on_value_change=None)
    ~~~~~~~~~~~~~~~~^^^^^^^^^^^^^^^^^^^^^^^^^^^^^^^^^^^^^^^^^^^^^^^^^^^
  File "C:\Users\RomanD\Desktop\Apps\Rental System\BNRS\bnrs\Lib\site-packages\nicegui\elements\mixins\value_element.py", line 31, in __init__
    super().__init__(**kwargs)
    ~~~~~~~~~~~~~~~~^^^^^^^^^^
  File "C:\Users\RomanD\Desktop\Apps\Rental System\BNRS\bnrs\Lib\site-packages\nicegui\element.py", line 52, in __init__
    self.client = _client or context.client
                             ^^^^^^^^^^^^^^
  File "C:\Users\RomanD\Desktop\Apps\Rental System\BNRS\bnrs\Lib\site-packages\nicegui\context.py", line 31, in client
    return self.slot.parent.client
           ^^^^^^^^^
  File "C:\Users\RomanD\Desktop\Apps\Rental System\BNRS\bnrs\Lib\site-packages\nicegui\context.py", line 23, in slot
    raise RuntimeError('The current slot cannot be determined because the slot stack for this task is empty.\n'
                       'This may happen if you try to create UI from a background task.\n'
                       'To fix this, enter the target slot explicitly using `with container_element:`.')
RuntimeError: The current slot cannot be determined because the slot stack for this task is empty.
This may happen if you try to create UI from a background task.
To fix this, enter the target slot explicitly using `with container_element:`.

During handling of the above exception, another exception occurred:

Traceback (most recent call last):
  File "c:\Users\RomanD\Desktop\Apps\Rental System\BNRS\NfcScan.py", line 442, in scan_task
    closed.set_result(None)
    ~~~~~~~~~~~~~~~~~^^^^^^
asyncio.exceptions.InvalidStateError: invalid state
2025-12-08 17:06:49 - root - INFO - ================================================================================
2025-12-08 17:06:49 - root - INFO - Scanner logging initialized - Level: INFO, Console: True, File: True
2025-12-08 17:06:49 - root - INFO - ================================================================================
2025-12-08 17:06:49 - sqlalchemy.engine.Engine - INFO - SELECT etypes.id_et AS etypes_id_et, etypes.name AS etypes_name, etypes.status AS etypes_status 
FROM etypes 
WHERE etypes.status = 1 ORDER BY etypes.name
2025-12-08 17:06:49 - sqlalchemy.engine.Engine - INFO - [cached since 0.2743s ago] ()
2025-12-08 17:06:54 - root - INFO - ================================================================================
2025-12-08 17:06:54 - root - INFO - Scanner logging initialized - Level: INFO, Console: True, File: True
2025-12-08 17:06:54 - root - INFO - ================================================================================
2025-12-08 17:06:54 - sqlalchemy.engine.Engine - INFO - SELECT etypes.id_et AS etypes_id_et, etypes.name AS etypes_name, etypes.status AS etypes_status 
FROM etypes 
WHERE etypes.status = 1 ORDER BY etypes.name
2025-12-08 17:06:54 - sqlalchemy.engine.Engine - INFO - [cached since 0.09879s ago] ()
2025-12-08 17:07:01 - scanner_config - INFO - Configuration loaded from scanner_config.json
2025-12-08 17:07:01 - NfcScan - INFO - get_nfc_input called with mode: usb_vendor
2025-12-08 17:07:01 - scanner_config - INFO - Configuration loaded from scanner_config.json
2025-12-08 17:07:01 - NfcScan - INFO - Starting USB HID input dialog - VID=0x11fa, PID=0x8202, timeout=30s
2025-12-08 17:07:01 - usb_hid_scanner - INFO - USBHIDScanner initialized with VID=0x11fa, PID=0x8202, timeout=30s
2025-12-08 17:07:01 - usb_hid_scanner - INFO - Attempting to connect to device VID=0x11fa, PID=0x8202
2025-12-08 17:07:01 - usb_hid_scanner - ERROR - Failed to connect to device VID=0x11fa, PID=0x8202: open failed
2025-12-08 17:07:01 - NfcScan - ERROR - Failed to connect to USB HID scanner
2025-12-08 17:07:01 - scanner_error_dialogs - INFO - Showing connection error dialog for VID=0x11fa, PID=0x8202
2025-12-08 17:07:01 - NfcScan - ERROR - Error during USB HID scan: The current slot cannot be determined because the slot stack for this task is empty.
This may happen if you try to create UI from a background task.
To fix this, enter the target slot explicitly using `with container_element:`.
2025-12-08 17:07:01 - asyncio - ERROR - Task exception was never retrieved
future: <Task finished name='Task-47' coro=<get_usb_hid_input.<locals>.scan_task() done, defined at c:\Users\RomanD\Desktop\Apps\Rental System\BNRS\NfcScan.py:290> exception=InvalidStateError('invalid state')>
Traceback (most recent call last):
  File "c:\Users\RomanD\Desktop\Apps\Rental System\BNRS\NfcScan.py", line 347, in scan_task
    choice = await ScannerErrorDialogs.show_connection_error(
             ^^^^^^^^^^^^^^^^^^^^^^^^^^^^^^^^^^^^^^^^^^^^^^^^
    ...<3 lines>...
    )
    ^
  File "c:\Users\RomanD\Desktop\Apps\Rental System\BNRS\scanner_error_dialogs.py", line 53, in show_connection_error
    dialog = ui.dialog()
  File "C:\Users\RomanD\Desktop\Apps\Rental System\BNRS\bnrs\Lib\site-packages\nicegui\elements\dialog.py", line 22, in __init__
    super().__init__(tag='q-dialog', value=value, on_value_change=None)
    ~~~~~~~~~~~~~~~~^^^^^^^^^^^^^^^^^^^^^^^^^^^^^^^^^^^^^^^^^^^^^^^^^^^
  File "C:\Users\RomanD\Desktop\Apps\Rental System\BNRS\bnrs\Lib\site-packages\nicegui\elements\mixins\value_element.py", line 31, in __init__
    super().__init__(**kwargs)
    ~~~~~~~~~~~~~~~~^^^^^^^^^^
  File "C:\Users\RomanD\Desktop\Apps\Rental System\BNRS\bnrs\Lib\site-packages\nicegui\element.py", line 52, in __init__
    self.client = _client or context.client
                             ^^^^^^^^^^^^^^
  File "C:\Users\RomanD\Desktop\Apps\Rental System\BNRS\bnrs\Lib\site-packages\nicegui\context.py", line 31, in client
    return self.slot.parent.client
           ^^^^^^^^^
  File "C:\Users\RomanD\Desktop\Apps\Rental System\BNRS\bnrs\Lib\site-packages\nicegui\context.py", line 23, in slot
    raise RuntimeError('The current slot cannot be determined because the slot stack for this task is empty.\n'
                       'This may happen if you try to create UI from a background task.\n'
                       'To fix this, enter the target slot explicitly using `with container_element:`.')
RuntimeError: The current slot cannot be determined because the slot stack for this task is empty.
This may happen if you try to create UI from a background task.
To fix this, enter the target slot explicitly using `with container_element:`.

During handling of the above exception, another exception occurred:

Traceback (most recent call last):
  File "c:\Users\RomanD\Desktop\Apps\Rental System\BNRS\NfcScan.py", line 452, in scan_task
    closed.set_result(None)
    ~~~~~~~~~~~~~~~~~^^^^^^
asyncio.exceptions.InvalidStateError: invalid state
2025-12-08 17:07:08 - scanner_config - INFO - Configuration loaded from scanner_config.json
2025-12-08 17:07:08 - NfcScan - INFO - get_nfc_input called with mode: usb_vendor
2025-12-08 17:07:08 - scanner_config - INFO - Configuration loaded from scanner_config.json
2025-12-08 17:07:08 - NfcScan - INFO - Starting USB HID input dialog - VID=0x11fa, PID=0x8202, timeout=30s
2025-12-08 17:07:08 - usb_hid_scanner - INFO - USBHIDScanner initialized with VID=0x11fa, PID=0x8202, timeout=30s
2025-12-08 17:07:08 - usb_hid_scanner - INFO - Attempting to connect to device VID=0x11fa, PID=0x8202
2025-12-08 17:07:08 - usb_hid_scanner - ERROR - Failed to connect to device VID=0x11fa, PID=0x8202: open failed
2025-12-08 17:07:08 - NfcScan - ERROR - Failed to connect to USB HID scanner
2025-12-08 17:07:08 - scanner_error_dialogs - INFO - Showing connection error dialog for VID=0x11fa, PID=0x8202
2025-12-08 17:07:08 - NfcScan - ERROR - Error during USB HID scan: The current slot cannot be determined because the slot stack for this task is empty.
This may happen if you try to create UI from a background task.
To fix this, enter the target slot explicitly using `with container_element:`.
2025-12-08 17:07:08 - asyncio - ERROR - Task exception was never retrieved
future: <Task finished name='Task-59' coro=<get_usb_hid_input.<locals>.scan_task() done, defined at c:\Users\RomanD\Desktop\Apps\Rental System\BNRS\NfcScan.py:290> exception=InvalidStateError('invalid state')>
Traceback (most recent call last):
  File "c:\Users\RomanD\Desktop\Apps\Rental System\BNRS\NfcScan.py", line 347, in scan_task
    choice = await ScannerErrorDialogs.show_connection_error(
             ^^^^^^^^^^^^^^^^^^^^^^^^^^^^^^^^^^^^^^^^^^^^^^^^
    ...<3 lines>...
    )
    ^
  File "c:\Users\RomanD\Desktop\Apps\Rental System\BNRS\scanner_error_dialogs.py", line 53, in show_connection_error
    dialog = ui.dialog()
  File "C:\Users\RomanD\Desktop\Apps\Rental System\BNRS\bnrs\Lib\site-packages\nicegui\elements\dialog.py", line 22, in __init__
    super().__init__(tag='q-dialog', value=value, on_value_change=None)
    ~~~~~~~~~~~~~~~~^^^^^^^^^^^^^^^^^^^^^^^^^^^^^^^^^^^^^^^^^^^^^^^^^^^
  File "C:\Users\RomanD\Desktop\Apps\Rental System\BNRS\bnrs\Lib\site-packages\nicegui\elements\mixins\value_element.py", line 31, in __init__
    super().__init__(**kwargs)
    ~~~~~~~~~~~~~~~~^^^^^^^^^^
  File "C:\Users\RomanD\Desktop\Apps\Rental System\BNRS\bnrs\Lib\site-packages\nicegui\element.py", line 52, in __init__
    self.client = _client or context.client
                             ^^^^^^^^^^^^^^
  File "C:\Users\RomanD\Desktop\Apps\Rental System\BNRS\bnrs\Lib\site-packages\nicegui\context.py", line 31, in client
    return self.slot.parent.client
           ^^^^^^^^^
  File "C:\Users\RomanD\Desktop\Apps\Rental System\BNRS\bnrs\Lib\site-packages\nicegui\context.py", line 23, in slot
    raise RuntimeError('The current slot cannot be determined because the slot stack for this task is empty.\n'
                       'This may happen if you try to create UI from a background task.\n'
                       'To fix this, enter the target slot explicitly using `with container_element:`.')
RuntimeError: The current slot cannot be determined because the slot stack for this task is empty.
This may happen if you try to create UI from a background task.
To fix this, enter the target slot explicitly using `with container_element:`.

During handling of the above exception, another exception occurred:

Traceback (most recent call last):
  File "c:\Users\RomanD\Desktop\Apps\Rental System\BNRS\NfcScan.py", line 452, in scan_task
    closed.set_result(None)
    ~~~~~~~~~~~~~~~~~^^^^^^
asyncio.exceptions.InvalidStateError: invalid state
2025-12-08 17:07:09 - scanner_config - INFO - Configuration loaded from scanner_config.json
2025-12-08 17:07:09 - NfcScan - INFO - get_nfc_input called with mode: usb_vendor
2025-12-08 17:07:09 - scanner_config - INFO - Configuration loaded from scanner_config.json
2025-12-08 17:07:09 - NfcScan - INFO - Starting USB HID input dialog - VID=0x11fa, PID=0x8202, timeout=30s
2025-12-08 17:07:09 - usb_hid_scanner - INFO - USBHIDScanner initialized with VID=0x11fa, PID=0x8202, timeout=30s
2025-12-08 17:07:09 - usb_hid_scanner - INFO - Attempting to connect to device VID=0x11fa, PID=0x8202
2025-12-08 17:07:09 - usb_hid_scanner - INFO - Successfully connected to device VID=0x11fa, PID=0x8202
2025-12-08 17:07:09 - usb_hid_scanner - INFO - Device info - Manufacturer: Code, Product: CR1500
2025-12-08 17:07:09 - NfcScan - INFO - USB HID scanner connected successfully
2025-12-08 17:07:18 - NfcScan - INFO - USB HID scan cancelled by user
2025-12-08 17:07:20 - scanner_config - INFO - Configuration loaded from scanner_config.json
2025-12-08 17:07:20 - NfcScan - INFO - get_nfc_input called with mode: usb_vendor
2025-12-08 17:07:20 - scanner_config - INFO - Configuration loaded from scanner_config.json
2025-12-08 17:07:20 - NfcScan - INFO - Starting USB HID input dialog - VID=0x11fa, PID=0x8202, timeout=30s
2025-12-08 17:07:20 - usb_hid_scanner - INFO - USBHIDScanner initialized with VID=0x11fa, PID=0x8202, timeout=30s
2025-12-08 17:07:20 - usb_hid_scanner - INFO - Attempting to connect to device VID=0x11fa, PID=0x8202
2025-12-08 17:07:20 - usb_hid_scanner - INFO - Successfully connected to device VID=0x11fa, PID=0x8202
2025-12-08 17:07:20 - usb_hid_scanner - INFO - Device info - Manufacturer: Code, Product: CR1500
2025-12-08 17:07:20 - NfcScan - INFO - USB HID scanner connected successfully
2025-12-08 17:07:40 - usb_hid_scanner - WARNING - Read timeout after 30.01s
2025-12-08 17:07:40 - NfcScan - WARNING - USB HID scan timeout
2025-12-08 17:07:40 - NfcScan - ERROR - Error during USB HID scan: invalid state
2025-12-08 17:07:40 - usb_hid_scanner - INFO - Disconnecting from device VID=0x11fa, PID=0x8202
2025-12-08 17:07:40 - usb_hid_scanner - INFO - Device disconnected successfully
2025-12-08 17:07:40 - asyncio - ERROR - Task exception was never retrieved
future: <Task finished name='Task-65' coro=<get_usb_hid_input.<locals>.scan_task() done, defined at c:\Users\RomanD\Desktop\Apps\Rental System\BNRS\NfcScan.py:290> exception=InvalidStateError('invalid state')>
Traceback (most recent call last):
  File "c:\Users\RomanD\Desktop\Apps\Rental System\BNRS\NfcScan.py", line 419, in scan_task
    closed.set_result(None)
    ~~~~~~~~~~~~~~~~~^^^^^^
asyncio.exceptions.InvalidStateError: invalid state

During handling of the above exception, another exception occurred:

Traceback (most recent call last):
  File "c:\Users\RomanD\Desktop\Apps\Rental System\BNRS\NfcScan.py", line 452, in scan_task
    closed.set_result(None)
    ~~~~~~~~~~~~~~~~~^^^^^^
asyncio.exceptions.InvalidStateError: invalid state
2025-12-08 17:07:51 - usb_hid_scanner - WARNING - Read timeout after 30.00s
2025-12-08 17:07:51 - NfcScan - WARNING - USB HID scan timeout
2025-12-08 17:07:51 - scanner_error_dialogs - INFO - Showing timeout error dialog (timeout=30s)
2025-12-08 17:07:51 - NfcScan - ERROR - Error during USB HID scan: The current slot cannot be determined because the slot stack for this task is empty.
This may happen if you try to create UI from a background task.
To fix this, enter the target slot explicitly using `with container_element:`.
2025-12-08 17:07:51 - usb_hid_scanner - INFO - Disconnecting from device VID=0x11fa, PID=0x8202
2025-12-08 17:07:51 - usb_hid_scanner - INFO - Device disconnected successfully
2025-12-08 17:07:51 - asyncio - ERROR - Task exception was never retrieved
future: <Task finished name='Task-85' coro=<get_usb_hid_input.<locals>.scan_task() done, defined at c:\Users\RomanD\Desktop\Apps\Rental System\BNRS\NfcScan.py:290> exception=InvalidStateError('invalid state')>
Traceback (most recent call last):
  File "c:\Users\RomanD\Desktop\Apps\Rental System\BNRS\NfcScan.py", line 422, in scan_task
    choice = await ScannerErrorDialogs.show_timeout_error(timeout)
             ^^^^^^^^^^^^^^^^^^^^^^^^^^^^^^^^^^^^^^^^^^^^^^^^^^^^^
  File "c:\Users\RomanD\Desktop\Apps\Rental System\BNRS\scanner_error_dialogs.py", line 149, in show_timeout_error
    dialog = ui.dialog()
  File "C:\Users\RomanD\Desktop\Apps\Rental System\BNRS\bnrs\Lib\site-packages\nicegui\elements\dialog.py", line 22, in __init__
    super().__init__(tag='q-dialog', value=value, on_value_change=None)
    ~~~~~~~~~~~~~~~~^^^^^^^^^^^^^^^^^^^^^^^^^^^^^^^^^^^^^^^^^^^^^^^^^^^
  File "C:\Users\RomanD\Desktop\Apps\Rental System\BNRS\bnrs\Lib\site-packages\nicegui\elements\mixins\value_element.py", line 31, in __init__
    super().__init__(**kwargs)
    ~~~~~~~~~~~~~~~~^^^^^^^^^^
  File "C:\Users\RomanD\Desktop\Apps\Rental System\BNRS\bnrs\Lib\site-packages\nicegui\element.py", line 52, in __init__
    self.client = _client or context.client
                             ^^^^^^^^^^^^^^
  File "C:\Users\RomanD\Desktop\Apps\Rental System\BNRS\bnrs\Lib\site-packages\nicegui\context.py", line 31, in client
    return self.slot.parent.client
           ^^^^^^^^^
  File "C:\Users\RomanD\Desktop\Apps\Rental System\BNRS\bnrs\Lib\site-packages\nicegui\context.py", line 23, in slot
    raise RuntimeError('The current slot cannot be determined because the slot stack for this task is empty.\n'
                       'This may happen if you try to create UI from a background task.\n'
                       'To fix this, enter the target slot explicitly using `with container_element:`.')
RuntimeError: The current slot cannot be determined because the slot stack for this task is empty.
This may happen if you try to create UI from a background task.
To fix this, enter the target slot explicitly using `with container_element:`.

During handling of the above exception, another exception occurred:

Traceback (most recent call last):
  File "c:\Users\RomanD\Desktop\Apps\Rental System\BNRS\NfcScan.py", line 452, in scan_task
    closed.set_result(None)
    ~~~~~~~~~~~~~~~~~^^^^^^
asyncio.exceptions.InvalidStateError: invalid state
2025-12-08 17:07:56 - scanner_config - INFO - Configuration loaded from scanner_config.json
2025-12-08 17:07:56 - NfcScan - INFO - get_nfc_input called with mode: usb_vendor
2025-12-08 17:07:56 - scanner_config - INFO - Configuration loaded from scanner_config.json
2025-12-08 17:07:56 - NfcScan - INFO - Starting USB HID input dialog - VID=0x11fa, PID=0x8202, timeout=30s
2025-12-08 17:07:56 - usb_hid_scanner - INFO - USBHIDScanner initialized with VID=0x11fa, PID=0x8202, timeout=30s
2025-12-08 17:07:56 - usb_hid_scanner - INFO - Attempting to connect to device VID=0x11fa, PID=0x8202
2025-12-08 17:07:56 - usb_hid_scanner - INFO - Successfully connected to device VID=0x11fa, PID=0x8202
2025-12-08 17:07:56 - usb_hid_scanner - INFO - Device info - Manufacturer: Code, Product: CR1500
2025-12-08 17:07:56 - NfcScan - INFO - USB HID scanner connected successfully
2025-12-08 17:07:57 - NfcScan - INFO - USB HID scan cancelled by user
2025-12-08 17:08:18 - usb_hid_scanner - INFO - Disconnecting from device VID=0x11fa, PID=0x8202
2025-12-08 17:08:18 - usb_hid_scanner - INFO - Device disconnected successfully
2025-12-08 17:08:18 - usb_hid_scanner - ERROR - Device disconnected during read operation
2025-12-08 17:09:07 - root - INFO - ================================================================================
2025-12-08 17:09:07 - root - INFO - Scanner logging initialized - Level: INFO, Console: True, File: True
2025-12-08 17:09:07 - root - INFO - ================================================================================
2025-12-08 17:09:07 - sqlalchemy.engine.Engine - INFO - SELECT etypes.id_et AS etypes_id_et, etypes.name AS etypes_name, etypes.status AS etypes_status 
FROM etypes 
WHERE etypes.status = 1 ORDER BY etypes.name
2025-12-08 17:09:07 - sqlalchemy.engine.Engine - INFO - [cached since 0.139s ago] ()
